entity_type,entity_id,entity_name,rank,topic_id,category_id,category_name,cosine,top1_top2_margin,association_status,needs_review,transfers_maturity
case,C0009-B01,磁场辅助氧化物衍生铜电极二氧化碳电还原,1,163,N0164,Formate / Inorganic chemistry / Chemistry,0.7339909076690674,0.003268897533416748,automatic_candidate_needs_semantic_review,True,False
case,C0009-B01,磁场辅助氧化物衍生铜电极二氧化碳电还原,2,210,N0211,Selectivity / Inorganic chemistry / Gas separation,0.7307220101356506,0.003268897533416748,automatic_candidate_needs_semantic_review,True,False
case,C0009-B01,磁场辅助氧化物衍生铜电极二氧化碳电还原,3,77,N0078,Electrocatalyst / Oxygen reduction reaction / Reversible hydrogen electrode,0.7290576100349426,0.003268897533416748,automatic_candidate_needs_semantic_review,True,False
case,C0493-B01,银负载二氧化钛聚光反应器光催化制氢,1,96,N0097,Photocurrent / Photoelectrochemistry / Water splitting,0.7577173113822937,0.00017195940017700195,automatic_candidate_needs_semantic_review,True,False
case,C0493-B01,银负载二氧化钛聚光反应器光催化制氢,2,2,N0003,Photocatalysis / Visible spectrum / Catalysis,0.7575453519821167,0.00017195940017700195,automatic_candidate_needs_semantic_review,True,False
case,C0493-B01,银负载二氧化钛聚光反应器光催化制氢,3,80,N0081,Water splitting / Photocatalytic water splitting / Photoelectrochemistry,0.7393171191215515,0.00017195940017700195,automatic_candidate_needs_semantic_review,True,False
case,C0060-B01,镍铜氧化物电极扣式超级电容储能,1,6,N0007,Supercapacitor / Capacitance / Electrode,0.8110065460205078,0.01869332790374756,automatic_candidate_needs_semantic_review,True,False
case,C0060-B01,镍铜氧化物电极扣式超级电容储能,2,332,N0333,Current density / Power density / Current collector,0.7923132181167603,0.01869332790374756,automatic_candidate_needs_semantic_review,True,False
case,C0060-B01,镍铜氧化物电极扣式超级电容储能,3,89,N0090,Dielectric spectroscopy / Cyclic voltammetry / Chronoamperometry,0.7837105989456177,0.01869332790374756,automatic_candidate_needs_semantic_review,True,False
case,C0067-B01,双界面桥联钝化钙钛矿光伏器件,1,20,N0021,Perovskite (structure) / Halide / Energy conversion efficiency,0.7790865898132324,0.023134469985961914,automatic_candidate_needs_semantic_review,True,False
case,C0067-B01,双界面桥联钝化钙钛矿光伏器件,2,174,N0175,Passivation / Carrier lifetime / Common emitter,0.7559521198272705,0.023134469985961914,automatic_candidate_needs_semantic_review,True,False
case,C0067-B01,双界面桥联钝化钙钛矿光伏器件,3,207,N0208,Photovoltaics / Grid parity / Commercialization,0.7437829971313477,0.023134469985961914,automatic_candidate_needs_semantic_review,True,False
case,C0091-B01,GENE–CHEASE线性局域计算接口,1,394,N0395,Turbulence / Turbulence kinetic energy / Reynolds number,0.7710683941841125,0.043455421924591064,automatic_candidate_needs_semantic_review,True,False
case,C0091-B01,GENE–CHEASE线性局域计算接口,2,19,N0020,Plasma / Atomic physics / Physics,0.7276129722595215,0.043455421924591064,automatic_candidate_needs_semantic_review,True,False
case,C0091-B01,GENE–CHEASE线性局域计算接口,3,328,N0329,Vortex / Magnetohydrodynamics / Mechanics,0.7234865427017212,0.043455421924591064,automatic_candidate_needs_semantic_review,True,False
case,C0098-B01,建筑冷站低负荷自适应控制,1,192,N0193,Robustness (evolution) / Control engineering / Robust control,0.7633606195449829,0.005476117134094238,automatic_candidate_needs_semantic_review,True,False
case,C0098-B01,建筑冷站低负荷自适应控制,2,452,N0453,Model predictive control / Weighting / Duty cycle,0.7578845024108887,0.005476117134094238,automatic_candidate_needs_semantic_review,True,False
case,C0098-B01,建筑冷站低负荷自适应控制,3,102,N0103,Energy consumption / Environmental economics / Consumption (sociology),0.7542372345924377,0.005476117134094238,automatic_candidate_needs_semantic_review,True,False
case,C0122-B01,复合热电墨水印刷径向发电器,1,75,N0076,Fabrication / Electrospinning / Composite material,0.7449296116828918,0.0054021477699279785,automatic_candidate_needs_semantic_review,True,False
case,C0122-B01,复合热电墨水印刷径向发电器,2,18,N0019,Thermoelectric effect / Thermoelectric materials / Seebeck coefficient,0.7395274639129639,0.0054021477699279785,automatic_candidate_needs_semantic_review,True,False
case,C0122-B01,复合热电墨水印刷径向发电器,3,321,N0322,Energy harvesting / Triboelectric effect / Nanogenerator,0.7174146771430969,0.0054021477699279785,automatic_candidate_needs_semantic_review,True,False
case,C0124-B01,区块链电碳身份计量与结算方法,1,472,N0473,Identification (biology) / System identification / Set (abstract data type),0.6630867123603821,0.0024332404136657715,automatic_candidate_needs_semantic_review,True,False
case,C0124-B01,区块链电碳身份计量与结算方法,2,42,N0043,Greenhouse gas / Natural resource economics / Emissions trading,0.6606534719467163,0.0024332404136657715,automatic_candidate_needs_semantic_review,True,False
case,C0124-B01,区块链电碳身份计量与结算方法,3,331,N0332,Key (lock) / Process management / Sustainable energy,0.6590826511383057,0.0024332404136657715,automatic_candidate_needs_semantic_review,True,False
case,C0155-B01,NiFe-LDH-PTA析氧电极与AEM单池,1,146,N0147,Electrolysis / Electrolysis of water / Polymer electrolyte membrane electrolysis,0.7619271874427795,0.0027535557746887207,automatic_candidate_needs_semantic_review,True,False
case,C0155-B01,NiFe-LDH-PTA析氧电极与AEM单池,2,12,N0013,Overpotential / Oxygen evolution / Catalysis,0.7591736316680908,0.0027535557746887207,automatic_candidate_needs_semantic_review,True,False
case,C0155-B01,NiFe-LDH-PTA析氧电极与AEM单池,3,77,N0078,Electrocatalyst / Oxygen reduction reaction / Reversible hydrogen electrode,0.7490590810775757,0.0027535557746887207,automatic_candidate_needs_semantic_review,True,False
case,C0593-B01,跨车辆迁移电池健康状态估计,1,406,N0407,State of charge / Kalman filter / Extended Kalman filter,0.773461639881134,0.03760403394699097,automatic_candidate_needs_semantic_review,True,False
case,C0593-B01,跨车辆迁移电池健康状态估计,2,190,N0191,Electric vehicle / Charging station / Driving range,0.7358576059341431,0.03760403394699097,automatic_candidate_needs_semantic_review,True,False
case,C0593-B01,跨车辆迁移电池健康状态估计,3,33,N0034,Battery (electricity) / Lithium-ion battery / Battery pack,0.7140457034111023,0.03760403394699097,automatic_candidate_needs_semantic_review,True,False
case,C0186-B01,煤热解移动颗粒床除尘,1,366,N0367,Char / tar (computing) / Bituminous coal,0.7505742311477661,0.003299891948699951,automatic_candidate_needs_semantic_review,True,False
case,C0186-B01,煤热解移动颗粒床除尘,2,94,N0095,Pyrolysis / Pulp and paper industry / Waste management,0.7472743391990662,0.003299891948699951,automatic_candidate_needs_semantic_review,True,False
case,C0186-B01,煤热解移动颗粒床除尘,3,374,N0375,Moisture / Water content / Humidity,0.7224807739257812,0.003299891948699951,automatic_candidate_needs_semantic_review,True,False
case,C0191-B01,TiFe金属氢化物热驱动氢气压缩,1,444,N0445,Hydride / Zirconium / Magnesium hydride,0.7372772693634033,0.0019996166229248047,automatic_candidate_needs_semantic_review,True,False
case,C0191-B01,TiFe金属氢化物热驱动氢气压缩,2,324,N0325,Dehydrogenation / Hydrogen storage / Ammonia borane,0.7352776527404785,0.0019996166229248047,automatic_candidate_needs_semantic_review,True,False
case,C0191-B01,TiFe金属氢化物热驱动氢气压缩,3,57,N0058,Alloy / Metallurgy / Microstructure,0.7137075066566467,0.0019996166229248047,automatic_candidate_needs_semantic_review,True,False
case,C0210-B01,能源桩换热与热力耦合,1,254,N0255,Geothermal gradient / Geothermal energy / Geothermal power,0.7569833397865295,0.003637552261352539,automatic_candidate_needs_semantic_review,True,False
case,C0210-B01,能源桩换热与热力耦合,2,186,N0187,Borehole / Geothermal gradient / Geothermal energy,0.753345787525177,0.003637552261352539,automatic_candidate_needs_semantic_review,True,False
case,C0210-B01,能源桩换热与热力耦合,3,165,N0166,Thermal / Process engineering / Mechanical engineering,0.7248333096504211,0.003637552261352539,automatic_candidate_needs_semantic_review,True,False
case,C0216-B01,IGBT加速功率循环试验,1,488,N0489,Insulated-gate bipolar transistor / Power semiconductor device / Junction temperature,0.8186532855033875,0.07012444734573364,automatic_candidate_needs_semantic_review,True,False
case,C0216-B01,IGBT加速功率循环试验,2,393,N0394,Test (biology) / Morphology (biology) / Test bench,0.7485288381576538,0.07012444734573364,automatic_candidate_needs_semantic_review,True,False
case,C0216-B01,IGBT加速功率循环试验,3,303,N0304,Inductance / Leakage inductance / Nanotechnology,0.7342482209205627,0.07012444734573364,automatic_candidate_needs_semantic_review,True,False
case,C0221-B01,锂金属软包电池原位压力映射诊断,1,33,N0034,Battery (electricity) / Lithium-ion battery / Battery pack,0.7295371294021606,0.0027402639389038086,automatic_candidate_needs_semantic_review,True,False
case,C0221-B01,锂金属软包电池原位压力映射诊断,2,406,N0407,State of charge / Kalman filter / Extended Kalman filter,0.7267968654632568,0.0027402639389038086,automatic_candidate_needs_semantic_review,True,False
case,C0221-B01,锂金属软包电池原位压力映射诊断,3,7,N0008,Lithium (medication) / Anode / Lithium-ion battery,0.7103156447410583,0.0027402639389038086,automatic_candidate_needs_semantic_review,True,False
case,C0246-B01,居民电池自发自用控制,1,275,N0276,Sizing / Hybrid system / Installation,0.7075744271278381,0.005458831787109375,automatic_candidate_needs_semantic_review,True,False
case,C0246-B01,居民电池自发自用控制,2,244,N0245,Distributed generation / Distributed computing / Stand-alone power system,0.7021155953407288,0.005458831787109375,automatic_candidate_needs_semantic_review,True,False
case,C0246-B01,居民电池自发自用控制,3,455,N0456,Demand response / Peak demand / Load management,0.6982869505882263,0.005458831787109375,automatic_candidate_needs_semantic_review,True,False
case,C0251-B01,充电保形预测与V2G容量边界计算模块组,1,190,N0191,Electric vehicle / Charging station / Driving range,0.7283774614334106,0.01654893159866333,automatic_candidate_needs_semantic_review,True,False
case,C0251-B01,充电保形预测与V2G容量边界计算模块组,2,253,N0254,Flexibility (engineering) / Environmental economics / Prosumer,0.7118285298347473,0.01654893159866333,automatic_candidate_needs_semantic_review,True,False
case,C0251-B01,充电保形预测与V2G容量边界计算模块组,3,237,N0238,Range (aeronautics) / Driving range / Atmospheric temperature range,0.7061670422554016,0.01654893159866333,automatic_candidate_needs_semantic_review,True,False
case,C0254-B01,多元素CoNiMoWOSeTe析氢电极与单池,1,146,N0147,Electrolysis / Electrolysis of water / Polymer electrolyte membrane electrolysis,0.7744879722595215,0.001813054084777832,automatic_candidate_needs_semantic_review,True,False
case,C0254-B01,多元素CoNiMoWOSeTe析氢电极与单池,2,12,N0013,Overpotential / Oxygen evolution / Catalysis,0.7726749181747437,0.001813054084777832,automatic_candidate_needs_semantic_review,True,False
case,C0254-B01,多元素CoNiMoWOSeTe析氢电极与单池,3,293,N0294,Tafel equation / Exchange current density / Linear sweep voltammetry,0.7711117267608643,0.001813054084777832,automatic_candidate_needs_semantic_review,True,False
case,C0518-B01,壳聚糖香草醛自修复石墨负极粘结,1,159,N0160,Faraday efficiency / Reversible hydrogen electrode / Dendrite (mathematics),0.7574115991592407,0.0031204819679260254,automatic_candidate_needs_semantic_review,True,False
case,C0518-B01,壳聚糖香草醛自修复石墨负极粘结,2,30,N0031,Anode / Electrode / Chemical engineering,0.7542911171913147,0.0031204819679260254,automatic_candidate_needs_semantic_review,True,False
case,C0518-B01,壳聚糖香草醛自修复石墨负极粘结,3,7,N0008,Lithium (medication) / Anode / Lithium-ion battery,0.7486404180526733,0.0031204819679260254,automatic_candidate_needs_semantic_review,True,False
case,C0278-B01,CuFeS2双功能电极整体水电解,1,242,N0243,Bifunctional / Oxygen evolution / Bifunctional catalyst,0.7937849760055542,0.003803253173828125,automatic_candidate_needs_semantic_review,True,False
case,C0278-B01,CuFeS2双功能电极整体水电解,2,12,N0013,Overpotential / Oxygen evolution / Catalysis,0.7899817228317261,0.003803253173828125,automatic_candidate_needs_semantic_review,True,False
case,C0278-B01,CuFeS2双功能电极整体水电解,3,293,N0294,Tafel equation / Exchange current density / Linear sweep voltammetry,0.7893655300140381,0.003803253173828125,automatic_candidate_needs_semantic_review,True,False
case,C0294-B01,模块化容错BMS电压监测,1,399,N0400,Embedded system / Field-programmable gate array / Computer hardware,0.7629733681678772,0.01612621545791626,automatic_candidate_needs_semantic_review,True,False
case,C0294-B01,模块化容错BMS电压监测,2,338,N0339,Modular design / Scalability / High-voltage direct current,0.7468471527099609,0.01612621545791626,automatic_candidate_needs_semantic_review,True,False
case,C0294-B01,模块化容错BMS电压监测,3,235,N0236,Software / Operating system / Embedded system,0.7410246133804321,0.01612621545791626,automatic_candidate_needs_semantic_review,True,False
case,C0684-B01,退役NMC模组热失控危害表征,1,440,N0441,Forensic engineering / Engineering / Thermal runaway,0.7302142381668091,0.001736462116241455,automatic_candidate_needs_semantic_review,True,False
case,C0684-B01,退役NMC模组热失控危害表征,2,165,N0166,Thermal / Process engineering / Mechanical engineering,0.7284777760505676,0.001736462116241455,automatic_candidate_needs_semantic_review,True,False
case,C0684-B01,退役NMC模组热失控危害表征,3,33,N0034,Battery (electricity) / Lithium-ion battery / Battery pack,0.7207477688789368,0.001736462116241455,automatic_candidate_needs_semantic_review,True,False
case,C0356-B01,电力动态研究智能体基准评测,1,69,N0070,Artificial neural network / Artificial intelligence / Machine learning,0.7126108407974243,0.010057806968688965,automatic_candidate_needs_semantic_review,True,False
case,C0356-B01,电力动态研究智能体基准评测,2,473,N0474,Reinforcement learning / Convergence (economics) / Artificial intelligence,0.7025530338287354,0.010057806968688965,automatic_candidate_needs_semantic_review,True,False
case,C0356-B01,电力动态研究智能体基准评测,3,192,N0193,Robustness (evolution) / Control engineering / Robust control,0.6980851888656616,0.010057806968688965,automatic_candidate_needs_semantic_review,True,False
case,C0435-B01,可配置宽带电力线通信波形,1,21,N0022,Electronic engineering / Amplifier / CMOS,0.706682562828064,0.0002722740173339844,automatic_candidate_needs_semantic_review,True,False
case,C0435-B01,可配置宽带电力线通信波形,2,289,N0290,Computer network / Real-time computing / Wireless sensor network,0.70641028881073,0.0002722740173339844,automatic_candidate_needs_semantic_review,True,False
case,C0435-B01,可配置宽带电力线通信波形,3,420,N0421,Line (geometry) / Mathematics / Geometry,0.7039389610290527,0.0002722740173339844,automatic_candidate_needs_semantic_review,True,False
case,C0443-B01,智能温控计量数据校准建筑能耗模型,1,408,N0409,HVAC / Air conditioning / Ventilation (architecture),0.7593279480934143,0.008221328258514404,automatic_candidate_needs_semantic_review,True,False
case,C0443-B01,智能温控计量数据校准建筑能耗模型,2,102,N0103,Energy consumption / Environmental economics / Consumption (sociology),0.7511066198348999,0.008221328258514404,automatic_candidate_needs_semantic_review,True,False
case,C0443-B01,智能温控计量数据校准建筑能耗模型,3,309,N0310,Architectural engineering / Civil engineering / Zero-energy building,0.7251850962638855,0.008221328258514404,automatic_candidate_needs_semantic_review,True,False
case,C0191-B02,TiFe固态储氢耦合燃料电池供电,1,24,N0025,Hydrogen / Hydrogen production / Hydrogen storage,0.7491969466209412,0.0007181167602539062,automatic_candidate_needs_semantic_review,True,False
case,C0191-B02,TiFe固态储氢耦合燃料电池供电,2,444,N0445,Hydride / Zirconium / Magnesium hydride,0.7484788298606873,0.0007181167602539062,automatic_candidate_needs_semantic_review,True,False
case,C0191-B02,TiFe固态储氢耦合燃料电池供电,3,324,N0325,Dehydrogenation / Hydrogen storage / Ammonia borane,0.7426480054855347,0.0007181167602539062,automatic_candidate_needs_semantic_review,True,False
case,C0665-B01,大螺旋角无缝内螺纹铜管换热强化,1,102,N0103,Energy consumption / Environmental economics / Consumption (sociology),0.6750098466873169,0.005772769451141357,automatic_candidate_needs_semantic_review,True,False
case,C0665-B01,大螺旋角无缝内螺纹铜管换热强化,2,336,N0337,Efficient energy use / Energy conservation / Energy accounting,0.6692370772361755,0.005772769451141357,automatic_candidate_needs_semantic_review,True,False
case,C0665-B01,大螺旋角无缝内螺纹铜管换热强化,3,408,N0409,HVAC / Air conditioning / Ventilation (architecture),0.667679488658905,0.005772769451141357,automatic_candidate_needs_semantic_review,True,False
case,C0098-B02,建筑高效冷站集成节能控制,1,408,N0409,HVAC / Air conditioning / Ventilation (architecture),0.7026259303092957,0.009208083152770996,automatic_candidate_needs_semantic_review,True,False
case,C0098-B02,建筑高效冷站集成节能控制,2,336,N0337,Efficient energy use / Energy conservation / Energy accounting,0.6934178471565247,0.009208083152770996,automatic_candidate_needs_semantic_review,True,False
case,C0098-B02,建筑高效冷站集成节能控制,3,413,N0414,Power station / Thermal power station / Combined cycle,0.6837064027786255,0.009208083152770996,automatic_candidate_needs_semantic_review,True,False
case,C0509-B01,太阳能储热多能互补建筑供暖,1,130,N0131,Solar energy / Solar power / Photovoltaic thermal hybrid solar collector,0.7314925789833069,0.008351325988769531,automatic_candidate_needs_semantic_review,True,False
case,C0509-B01,太阳能储热多能互补建筑供暖,2,309,N0310,Architectural engineering / Civil engineering / Zero-energy building,0.7231412529945374,0.008351325988769531,automatic_candidate_needs_semantic_review,True,False
case,C0509-B01,太阳能储热多能互补建筑供暖,3,39,N0040,Electricity generation / Cost of electricity by source / Power (physics),0.701268196105957,0.008351325988769531,automatic_candidate_needs_semantic_review,True,False
case,C0246-B02,虚拟电厂新能源入市协同结算,1,38,N0039,Electricity / Electricity market / Environmental economics,0.7019414901733398,0.0004987120628356934,automatic_candidate_needs_semantic_review,True,False
case,C0246-B02,虚拟电厂新能源入市协同结算,2,411,N0412,Electric power / Electric power industry / Electric energy,0.7014427781105042,0.0004987120628356934,automatic_candidate_needs_semantic_review,True,False
case,C0246-B02,虚拟电厂新能源入市协同结算,3,455,N0456,Demand response / Peak demand / Load management,0.6950918436050415,0.0004987120628356934,automatic_candidate_needs_semantic_review,True,False
case,C0356-B02,电网业务测试用例智能生成,1,235,N0236,Software / Operating system / Embedded system,0.6854588389396667,0.002611696720123291,automatic_candidate_needs_semantic_review,True,False
case,C0356-B02,电网业务测试用例智能生成,2,393,N0394,Test (biology) / Morphology (biology) / Test bench,0.6828471422195435,0.002611696720123291,automatic_candidate_needs_semantic_review,True,False
case,C0356-B02,电网业务测试用例智能生成,3,424,N0425,Systems engineering / Engineering / Automation,0.6659872531890869,0.002611696720123291,automatic_candidate_needs_semantic_review,True,False
case,C0124-B02,电碳耦合源荷互动交易动态合约,1,253,N0254,Flexibility (engineering) / Environmental economics / Prosumer,0.6885374784469604,0.00017845630645751953,automatic_candidate_needs_semantic_review,True,False
case,C0124-B02,电碳耦合源荷互动交易动态合约,2,439,N0440,Scheme (mathematics) / Emissions trading / Mathematics,0.6883590221405029,0.00017845630645751953,automatic_candidate_needs_semantic_review,True,False
case,C0124-B02,电碳耦合源荷互动交易动态合约,3,355,N0356,Compensation (psychology) / Voltage sag / Compensation methods,0.6875773668289185,0.00017845630645751953,automatic_candidate_needs_semantic_review,True,False
case,C0487-N01,部分浸没冷却电池多尺度热建模,1,165,N0166,Thermal / Process engineering / Mechanical engineering,0.7549014687538147,0.004717707633972168,automatic_candidate_needs_semantic_review,True,False
case,C0487-N01,部分浸没冷却电池多尺度热建模,2,33,N0034,Battery (electricity) / Lithium-ion battery / Battery pack,0.7501837611198425,0.004717707633972168,automatic_candidate_needs_semantic_review,True,False
case,C0487-N01,部分浸没冷却电池多尺度热建模,3,406,N0407,State of charge / Kalman filter / Extended Kalman filter,0.7364673614501953,0.004717707633972168,automatic_candidate_needs_semantic_review,True,False
case,C0490-N01,再分析风资源数据适用性验证,1,15,N0016,Wind power / Wind speed / Induction generator,0.7510996460914612,0.040624141693115234,automatic_candidate_needs_semantic_review,True,False
case,C0490-N01,再分析风资源数据适用性验证,2,140,N0141,Meteorology / Atmospheric sciences / Climatology,0.710475504398346,0.040624141693115234,automatic_candidate_needs_semantic_review,True,False
case,C0490-N01,再分析风资源数据适用性验证,3,330,N0331,Support vector machine / Data mining / Artificial intelligence,0.6983897089958191,0.040624141693115234,automatic_candidate_needs_semantic_review,True,False
case,C0491-N01,银纳米线海绵浸涂可拉伸电池电极,1,75,N0076,Fabrication / Electrospinning / Composite material,0.7246571183204651,0.004596054553985596,automatic_candidate_needs_semantic_review,True,False
case,C0491-N01,银纳米线海绵浸涂可拉伸电池电极,2,332,N0333,Current density / Power density / Current collector,0.7200610637664795,0.004596054553985596,automatic_candidate_needs_semantic_review,True,False
case,C0491-N01,银纳米线海绵浸涂可拉伸电池电极,3,159,N0160,Faraday efficiency / Reversible hydrogen electrode / Dendrite (mathematics),0.7152014374732971,0.004596054553985596,automatic_candidate_needs_semantic_review,True,False
case,C0492-N01,热虹吸光生物反应器制氢,1,390,N0391,Fermentation / Biohydrogen / Food science,0.7223872542381287,0.01217663288116455,automatic_candidate_needs_semantic_review,True,False
case,C0492-N01,热虹吸光生物反应器制氢,2,24,N0025,Hydrogen / Hydrogen production / Hydrogen storage,0.7102106213569641,0.01217663288116455,automatic_candidate_needs_semantic_review,True,False
case,C0492-N01,热虹吸光生物反应器制氢,3,91,N0092,Biomass (ecology) / Agronomy / Torrefaction,0.688805878162384,0.01217663288116455,automatic_candidate_needs_semantic_review,True,False
case,C0494-N01,聚合物金属交替叠层介电储能,1,162,N0163,Dielectric / Permittivity / Dielectric loss,0.764397144317627,0.01116037368774414,automatic_candidate_needs_semantic_review,True,False
case,C0494-N01,聚合物金属交替叠层介电储能,2,353,N0354,Stacking / Stacking fault / Electron mobility,0.7532367706298828,0.01116037368774414,automatic_candidate_needs_semantic_review,True,False
case,C0494-N01,聚合物金属交替叠层介电储能,3,60,N0061,Energy storage / Electrochemical energy storage / Process engineering,0.7517414689064026,0.01116037368774414,automatic_candidate_needs_semantic_review,True,False
case,C0495-N01,乙烯茴香基共聚物自修复电绝缘,1,17,N0018,Polymer / Polymer chemistry / Membrane,0.7154371738433838,0.002763509750366211,automatic_candidate_needs_semantic_review,True,False
case,C0495-N01,乙烯茴香基共聚物自修复电绝缘,2,248,N0249,Copolymer / Polymer chemistry / Monomer,0.7126736640930176,0.002763509750366211,automatic_candidate_needs_semantic_review,True,False
case,C0495-N01,乙烯茴香基共聚物自修复电绝缘,3,162,N0163,Dielectric / Permittivity / Dielectric loss,0.7058725953102112,0.002763509750366211,automatic_candidate_needs_semantic_review,True,False
case,C0497-N01,受控气候平板光生物反应器藻类培养,1,266,N0267,Bioenergy / Biofuel / Agriculture,0.7201138138771057,0.00017887353897094727,automatic_candidate_needs_semantic_review,True,False
case,C0497-N01,受控气候平板光生物反应器藻类培养,2,390,N0391,Fermentation / Biohydrogen / Food science,0.7199349403381348,0.00017887353897094727,automatic_candidate_needs_semantic_review,True,False
case,C0497-N01,受控气候平板光生物反应器藻类培养,3,168,N0169,Biology / Bacteria / Microbiology,0.7132831811904907,0.00017887353897094727,automatic_candidate_needs_semantic_review,True,False
case,C0499-N01,圆形线圈电磁振动能量采集,1,226,N0227,Electromagnetic coil / Electrical engineering / Wireless power transfer,0.7474921345710754,0.0052991509437561035,automatic_candidate_needs_semantic_review,True,False
case,C0499-N01,圆形线圈电磁振动能量采集,2,321,N0322,Energy harvesting / Triboelectric effect / Nanogenerator,0.7421929836273193,0.0052991509437561035,automatic_candidate_needs_semantic_review,True,False
case,C0499-N01,圆形线圈电磁振动能量采集,3,300,N0301,Acoustics / Vibration / Partial discharge,0.7322555184364319,0.0052991509437561035,automatic_candidate_needs_semantic_review,True,False
case,C0500-N01,辅助振子压电悬臂振动能量采集,1,321,N0322,Energy harvesting / Triboelectric effect / Nanogenerator,0.7331736087799072,0.003766477108001709,automatic_candidate_needs_semantic_review,True,False
case,C0500-N01,辅助振子压电悬臂振动能量采集,2,300,N0301,Acoustics / Vibration / Partial discharge,0.7294071316719055,0.003766477108001709,automatic_candidate_needs_semantic_review,True,False
case,C0500-N01,辅助振子压电悬臂振动能量采集,3,222,N0223,Generator (circuit theory) / Permanent magnet synchronous generator / Induction generator,0.7042036056518555,0.003766477108001709,automatic_candidate_needs_semantic_review,True,False
case,C0501-N01,NaBFMB/TMPT单离子钠电解质传导,1,243,N0244,Ionic conductivity / Ionic bonding / Fast ion conductor,0.7384627461433411,0.006659269332885742,automatic_candidate_needs_semantic_review,True,False
case,C0501-N01,NaBFMB/TMPT单离子钠电解质传导,2,334,N0335,Sodium / Inorganic chemistry / Sodium-ion battery,0.7318034768104553,0.006659269332885742,automatic_candidate_needs_semantic_review,True,False
case,C0501-N01,NaBFMB/TMPT单离子钠电解质传导,3,27,N0028,Electrolyte / Fast ion conductor / Ionic conductivity,0.7222810983657837,0.006659269332885742,automatic_candidate_needs_semantic_review,True,False
case,C0502-N01,潮流能输出功率测量不确定度评定,1,90,N0091,Current (fluid) / Tidal power / Tidal current,0.7195830941200256,0.019350171089172363,automatic_candidate_needs_semantic_review,True,False
case,C0502-N01,潮流能输出功率测量不确定度评定,2,312,N0313,Quality (philosophy) / Power quality / Voltage sag,0.7002329230308533,0.019350171089172363,automatic_candidate_needs_semantic_review,True,False
case,C0502-N01,潮流能输出功率测量不确定度评定,3,26,N0027,Turbine / Marine engineering / Mechanical engineering,0.699675440788269,0.019350171089172363,automatic_candidate_needs_semantic_review,True,False
case,C0504-N01,电动车并网深度强化学习电压控制,1,190,N0191,Electric vehicle / Charging station / Driving range,0.8088838458061218,0.008639633655548096,automatic_candidate_needs_semantic_review,True,False
case,C0504-N01,电动车并网深度强化学习电压控制,2,473,N0474,Reinforcement learning / Convergence (economics) / Artificial intelligence,0.8002442121505737,0.008639633655548096,automatic_candidate_needs_semantic_review,True,False
case,C0504-N01,电动车并网深度强化学习电压控制,3,355,N0356,Compensation (psychology) / Voltage sag / Compensation methods,0.769573450088501,0.008639633655548096,automatic_candidate_needs_semantic_review,True,False
case,C0507-N01,污泥后曝气鸟粪石析出平衡建模,1,365,N0366,Environmental chemistry / Soil water / Amine gas treating,0.7051689624786377,0.004299640655517578,automatic_candidate_needs_semantic_review,True,False
case,C0507-N01,污泥后曝气鸟粪石析出平衡建模,2,120,N0121,Wastewater / Pulp and paper industry / Environmental engineering,0.7008693218231201,0.004299640655517578,automatic_candidate_needs_semantic_review,True,False
case,C0507-N01,污泥后曝气鸟粪石析出平衡建模,3,36,N0037,Biogas / Anaerobic digestion / Methane,0.6983799338340759,0.004299640655517578,automatic_candidate_needs_semantic_review,True,False
case,C0510-N01,缺陷氧化铟表面FLP光催化逆水煤气变换,1,415,N0416,Indium / Indium tin oxide / Copper indium gallium selenide solar cells,0.731361985206604,0.004852652549743652,automatic_candidate_needs_semantic_review,True,False
case,C0510-N01,缺陷氧化铟表面FLP光催化逆水煤气变换,2,41,N0042,X-ray photoelectron spectroscopy / Catalysis / Diffuse reflectance infrared fourier transform,0.7265093326568604,0.004852652549743652,automatic_candidate_needs_semantic_review,True,False
case,C0510-N01,缺陷氧化铟表面FLP光催化逆水煤气变换,3,461,N0462,Dissociation (chemistry) / Physical chemistry / Chemistry,0.7194591760635376,0.004852652549743652,automatic_candidate_needs_semantic_review,True,False
case,C0512-N01,微波超表面整流无线能量采集,1,321,N0322,Energy harvesting / Triboelectric effect / Nanogenerator,0.7585556507110596,0.008047759532928467,automatic_candidate_needs_semantic_review,True,False
case,C0512-N01,微波超表面整流无线能量采集,2,276,N0277,Wireless / Wireless power transfer / Maximum power transfer theorem,0.7505078911781311,0.008047759532928467,automatic_candidate_needs_semantic_review,True,False
case,C0512-N01,微波超表面整流无线能量采集,3,21,N0022,Electronic engineering / Amplifier / CMOS,0.7398440837860107,0.008047759532928467,automatic_candidate_needs_semantic_review,True,False
case,C0513-N01,TEG/PVCap甲烷水合物生长抑制,1,349,N0350,Hydrate / Clathrate hydrate / Methane,0.7421668171882629,0.0411948561668396,automatic_candidate_needs_semantic_review,True,False
case,C0513-N01,TEG/PVCap甲烷水合物生长抑制,2,444,N0445,Hydride / Zirconium / Magnesium hydride,0.7009719610214233,0.0411948561668396,automatic_candidate_needs_semantic_review,True,False
case,C0513-N01,TEG/PVCap甲烷水合物生长抑制,3,24,N0025,Hydrogen / Hydrogen production / Hydrogen storage,0.6965612173080444,0.0411948561668396,automatic_candidate_needs_semantic_review,True,False
case,C0514-N01,水泥预分解炉外置煤气化数值建模,1,64,N0065,Combustion / Waste management / Combustor,0.7423758506774902,0.025878310203552246,automatic_candidate_needs_semantic_review,True,False
case,C0514-N01,水泥预分解炉外置煤气化数值建模,2,178,N0179,Coal / Coke / Halide,0.716497540473938,0.025878310203552246,automatic_candidate_needs_semantic_review,True,False
case,C0514-N01,水泥预分解炉外置煤气化数值建模,3,366,N0367,Char / tar (computing) / Bituminous coal,0.7127721905708313,0.025878310203552246,automatic_candidate_needs_semantic_review,True,False
case,C0515-N01,SDADPS复合反渗透膜脱盐,1,32,N0033,Membrane / Permeation / Ion exchange,0.7348066568374634,0.011001884937286377,automatic_candidate_needs_semantic_review,True,False
case,C0515-N01,SDADPS复合反渗透膜脱盐,2,454,N0455,Fouling / Membrane fouling / Filtration (mathematics),0.723804771900177,0.011001884937286377,automatic_candidate_needs_semantic_review,True,False
case,C0515-N01,SDADPS复合反渗透膜脱盐,3,438,N0439,Wetting / Contact angle / Composite material,0.7198690176010132,0.011001884937286377,automatic_candidate_needs_semantic_review,True,False
case,C0517-N01,CIM/OPC需求响应平台仿真接口,1,235,N0236,Software / Operating system / Embedded system,0.6984573602676392,0.0049247145652771,automatic_candidate_needs_semantic_review,True,False
case,C0517-N01,CIM/OPC需求响应平台仿真接口,2,399,N0400,Embedded system / Field-programmable gate array / Computer hardware,0.6935326457023621,0.0049247145652771,automatic_candidate_needs_semantic_review,True,False
case,C0517-N01,CIM/OPC需求响应平台仿真接口,3,455,N0456,Demand response / Peak demand / Load management,0.6850897669792175,0.0049247145652771,automatic_candidate_needs_semantic_review,True,False
case,C0519-N01,陶瓷涂层聚乙烯隔膜抗压滥用验证,1,315,N0316,Separator (oil production) / Polysulfide / Polyolefin,0.781106173992157,0.027818381786346436,automatic_candidate_needs_semantic_review,True,False
case,C0519-N01,陶瓷涂层聚乙烯隔膜抗压滥用验证,2,428,N0429,Insulator (electricity) / Arc flash / Silicone rubber,0.7532877922058105,0.027818381786346436,automatic_candidate_needs_semantic_review,True,False
case,C0519-N01,陶瓷涂层聚乙烯隔膜抗压滥用验证,3,440,N0441,Forensic engineering / Engineering / Thermal runaway,0.7507104873657227,0.027818381786346436,automatic_candidate_needs_semantic_review,True,False
case,C0520-N01,凝胶电解质超快极化离子传输机理,1,243,N0244,Ionic conductivity / Ionic bonding / Fast ion conductor,0.7599138617515564,0.007263839244842529,automatic_candidate_needs_semantic_review,True,False
case,C0520-N01,凝胶电解质超快极化离子传输机理,2,98,N0099,Conductivity / Ionic conductivity / Proton,0.7526500225067139,0.007263839244842529,automatic_candidate_needs_semantic_review,True,False
case,C0520-N01,凝胶电解质超快极化离子传输机理,3,97,N0098,Chemical physics / Molecular dynamics / Photocurrent,0.7430849075317383,0.007263839244842529,automatic_candidate_needs_semantic_review,True,False
case,C0521-N01,PAN-PEO-LiClO4固态聚合物电解质传导,1,243,N0244,Ionic conductivity / Ionic bonding / Fast ion conductor,0.7621867656707764,0.01796567440032959,automatic_candidate_needs_semantic_review,True,False
case,C0521-N01,PAN-PEO-LiClO4固态聚合物电解质传导,2,248,N0249,Copolymer / Polymer chemistry / Monomer,0.7442210912704468,0.01796567440032959,automatic_candidate_needs_semantic_review,True,False
case,C0521-N01,PAN-PEO-LiClO4固态聚合物电解质传导,3,98,N0099,Conductivity / Ionic conductivity / Proton,0.7383376359939575,0.01796567440032959,automatic_candidate_needs_semantic_review,True,False
case,C0524-N01,楼宇储能两阶段调度控制,1,379,N0380,Energy management / Energy management system / Power management,0.7498623132705688,0.01384115219116211,automatic_candidate_needs_semantic_review,True,False
case,C0524-N01,楼宇储能两阶段调度控制,2,60,N0061,Energy storage / Electrochemical energy storage / Process engineering,0.7360211610794067,0.01384115219116211,automatic_candidate_needs_semantic_review,True,False
case,C0524-N01,楼宇储能两阶段调度控制,3,275,N0276,Sizing / Hybrid system / Installation,0.7278265953063965,0.01384115219116211,automatic_candidate_needs_semantic_review,True,False
case,C0525-N01,储能选址定容混合整数线性规划,1,275,N0276,Sizing / Hybrid system / Installation,0.7587977051734924,0.034619927406311035,automatic_candidate_needs_semantic_review,True,False
case,C0525-N01,储能选址定容混合整数线性规划,2,53,N0054,Mathematical optimization / Mathematics / Economic dispatch,0.7241777777671814,0.034619927406311035,automatic_candidate_needs_semantic_review,True,False
case,C0525-N01,储能选址定容混合整数线性规划,3,60,N0061,Energy storage / Electrochemical energy storage / Process engineering,0.7165271639823914,0.034619927406311035,automatic_candidate_needs_semantic_review,True,False
case,C0529-N01,溶剂辅助再结晶混合气相沉积钙钛矿成膜,1,20,N0021,Perovskite (structure) / Halide / Energy conversion efficiency,0.7768368124961853,0.013210654258728027,automatic_candidate_needs_semantic_review,True,False
case,C0529-N01,溶剂辅助再结晶混合气相沉积钙钛矿成膜,2,283,N0284,Crystallization / Phase-change memory / Isothermal process,0.7636261582374573,0.013210654258728027,automatic_candidate_needs_semantic_review,True,False
case,C0529-N01,溶剂辅助再结晶混合气相沉积钙钛矿成膜,3,446,N0447,Evaporation / Photothermal therapy / Evaporator,0.7509068250656128,0.013210654258728027,automatic_candidate_needs_semantic_review,True,False
case,C0531-N01,钙钛矿老化漂移扩散与传输矩阵建模,1,20,N0021,Perovskite (structure) / Halide / Energy conversion efficiency,0.7473490238189697,0.0071381330490112305,automatic_candidate_needs_semantic_review,True,False
case,C0531-N01,钙钛矿老化漂移扩散与传输矩阵建模,2,465,N0466,Radiation / Optics / Atmospheric sciences,0.7402108907699585,0.0071381330490112305,automatic_candidate_needs_semantic_review,True,False
case,C0531-N01,钙钛矿老化漂移扩散与传输矩阵建模,3,227,N0228,Halide / Refrigeration / Refrigerant,0.7319784164428711,0.0071381330490112305,automatic_candidate_needs_semantic_review,True,False
case,C0532-N01,考虑离子迁移的钙钛矿硅叠层测量建模,1,20,N0021,Perovskite (structure) / Halide / Energy conversion efficiency,0.7299438714981079,0.0030478835105895996,automatic_candidate_needs_semantic_review,True,False
case,C0532-N01,考虑离子迁移的钙钛矿硅叠层测量建模,2,132,N0133,Transient (computer programming) / Transient response / Transient analysis,0.7268959879875183,0.0030478835105895996,automatic_candidate_needs_semantic_review,True,False
case,C0532-N01,考虑离子迁移的钙钛矿硅叠层测量建模,3,174,N0175,Passivation / Carrier lifetime / Common emitter,0.7264581322669983,0.0030478835105895996,automatic_candidate_needs_semantic_review,True,False
case,C0533-N01,GaN MOS-HEMT宽带小信号建模,1,460,N0461,SIGNAL (programming language) / Signal processing / Digital signal processing,0.7272851467132568,0.004707157611846924,automatic_candidate_needs_semantic_review,True,False
case,C0533-N01,GaN MOS-HEMT宽带小信号建模,2,167,N0168,Transistor / Field-effect transistor / MOSFET,0.7225779891014099,0.004707157611846924,automatic_candidate_needs_semantic_review,True,False
case,C0533-N01,GaN MOS-HEMT宽带小信号建模,3,21,N0022,Electronic engineering / Amplifier / CMOS,0.7186263799667358,0.004707157611846924,automatic_candidate_needs_semantic_review,True,False
case,C0535-N01,燃料电池离心空压机代理模型多目标设计,1,493,N0494,Impeller / Centrifugal pump / Instability,0.7304729223251343,0.01332026720046997,automatic_candidate_needs_semantic_review,True,False
case,C0535-N01,燃料电池离心空压机代理模型多目标设计,2,400,N0401,Stack (abstract data type) / Volumetric flow rate / Direct methanol fuel cell,0.7171526551246643,0.01332026720046997,automatic_candidate_needs_semantic_review,True,False
case,C0535-N01,燃料电池离心空压机代理模型多目标设计,3,398,N0399,Computational fluid dynamics / Fluent / Reynolds-averaged Navier–Stokes equations,0.7123483419418335,0.01332026720046997,automatic_candidate_needs_semantic_review,True,False
case,C0540-N01,低压配电网在线电压调节,1,43,N0044,Grid / Power grid / Smart grid,0.7537078857421875,0.010012686252593994,automatic_candidate_needs_semantic_review,True,False
case,C0540-N01,低压配电网在线电压调节,2,362,N0363,AC power / Power factor / Voltage optimisation,0.7436951994895935,0.010012686252593994,automatic_candidate_needs_semantic_review,True,False
case,C0540-N01,低压配电网在线电压调节,3,244,N0245,Distributed generation / Distributed computing / Stand-alone power system,0.7409190535545349,0.010012686252593994,automatic_candidate_needs_semantic_review,True,False
case,C0543-N01,电解制氢加氢站储罐压缩机运行仿真,1,24,N0025,Hydrogen / Hydrogen production / Hydrogen storage,0.7285134792327881,0.007451415061950684,automatic_candidate_needs_semantic_review,True,False
case,C0543-N01,电解制氢加氢站储罐压缩机运行仿真,2,118,N0119,Production (economics) / Payback period / Engineering,0.7210620641708374,0.007451415061950684,automatic_candidate_needs_semantic_review,True,False
case,C0543-N01,电解制氢加氢站储罐压缩机运行仿真,3,212,N0213,Fuel cells / Activation energy / Hydrogen fuel,0.7200353145599365,0.007451415061950684,automatic_candidate_needs_semantic_review,True,False
case,C0546-N01,铁氧体辐条永磁泵用电机设计,1,348,N0349,Magnet / Permanent magnet synchronous generator / Superconducting magnet,0.7605834603309631,0.02470529079437256,automatic_candidate_needs_semantic_review,True,False
case,C0546-N01,铁氧体辐条永磁泵用电机设计,2,322,N0323,Stator / Rotor (electric) / Induction generator,0.7358781695365906,0.02470529079437256,automatic_candidate_needs_semantic_review,True,False
case,C0546-N01,铁氧体辐条永磁泵用电机设计,3,180,N0181,Torque / Induction motor / Direct torque control,0.7213088274002075,0.02470529079437256,automatic_candidate_needs_semantic_review,True,False
case,C0549-N01,高压断路器并联电容介损诊断,1,459,N0460,Circuit breaker / High voltage / Switchgear,0.7277578115463257,0.03975367546081543,automatic_candidate_needs_semantic_review,True,False
case,C0549-N01,高压断路器并联电容介损诊断,2,351,N0352,Electrical impedance / Equivalent circuit / Impedance matching,0.6880041360855103,0.03975367546081543,automatic_candidate_needs_semantic_review,True,False
case,C0549-N01,高压断路器并联电容介损诊断,3,303,N0304,Inductance / Leakage inductance / Nanotechnology,0.6857042908668518,0.03975367546081543,automatic_candidate_needs_semantic_review,True,False
case,C0552-N01,混合直流微电网自适应能量控制,1,76,N0077,Microgrid / Voltage droop / Automatic frequency control,0.8114110827445984,0.020680725574493408,automatic_candidate_needs_semantic_review,True,False
case,C0552-N01,混合直流微电网自适应能量控制,2,379,N0380,Energy management / Energy management system / Power management,0.790730357170105,0.020680725574493408,automatic_candidate_needs_semantic_review,True,False
case,C0552-N01,混合直流微电网自适应能量控制,3,71,N0072,Converters / Voltage droop / Voltage source,0.7782639265060425,0.020680725574493408,automatic_candidate_needs_semantic_review,True,False
case,C0556-N01,ZIF-8聚合物电纺膜锌负极保护,1,182,N0183,Zinc / Zinc sulfide / Sulfide,0.7714731097221375,0.04769867658615112,automatic_candidate_needs_semantic_review,True,False
case,C0556-N01,ZIF-8聚合物电纺膜锌负极保护,2,159,N0160,Faraday efficiency / Reversible hydrogen electrode / Dendrite (mathematics),0.7237744331359863,0.04769867658615112,automatic_candidate_needs_semantic_review,True,False
case,C0556-N01,ZIF-8聚合物电纺膜锌负极保护,3,308,N0309,Intercalation (chemistry) / Montmorillonite / Exfoliation joint,0.7158294916152954,0.04769867658615112,automatic_candidate_needs_semantic_review,True,False
case,C0559-N01,PDMS壳聚糖复合表面雾水采集,1,34,N0035,Adsorption / Chemical engineering / Physical chemistry,0.7510275840759277,0.007584035396575928,automatic_candidate_needs_semantic_review,True,False
case,C0559-N01,PDMS壳聚糖复合表面雾水采集,2,438,N0439,Wetting / Contact angle / Composite material,0.7434435486793518,0.007584035396575928,automatic_candidate_needs_semantic_review,True,False
case,C0559-N01,PDMS壳聚糖复合表面雾水采集,3,183,N0184,Sorption / Sorbent / Chemistry,0.735424280166626,0.007584035396575928,automatic_candidate_needs_semantic_review,True,False
case,C0562-N01,HFC152a及混配制冷剂循环应用,1,376,N0377,Condenser (optics) / Evaporator / Heat pipe,0.7062731981277466,0.0023996829986572266,automatic_candidate_needs_semantic_review,True,False
case,C0562-N01,HFC152a及混配制冷剂循环应用,2,435,N0436,Air conditioning / Desiccant / Evaporative cooler,0.7038735151290894,0.0023996829986572266,automatic_candidate_needs_semantic_review,True,False
case,C0562-N01,HFC152a及混配制冷剂循环应用,3,408,N0409,HVAC / Air conditioning / Ventilation (architecture),0.6927461624145508,0.0023996829986572266,automatic_candidate_needs_semantic_review,True,False
case,C0565-N01,ALD氧化铝包覆镍催化甲烷干重整,1,229,N0230,Catalysis / Bifunctional / Organic chemistry,0.7659627199172974,0.003957271575927734,automatic_candidate_needs_semantic_review,True,False
case,C0565-N01,ALD氧化铝包覆镍催化甲烷干重整,2,163,N0164,Formate / Inorganic chemistry / Chemistry,0.7620054483413696,0.003957271575927734,automatic_candidate_needs_semantic_review,True,False
case,C0565-N01,ALD氧化铝包覆镍催化甲烷干重整,3,210,N0211,Selectivity / Inorganic chemistry / Gas separation,0.7570109367370605,0.003957271575927734,automatic_candidate_needs_semantic_review,True,False
case,C0576-N01,Co-S-B双功能电极零间隙碱性电解,1,148,N0149,Cobalt / Cobalt oxide / Inorganic chemistry,0.7866348028182983,0.005348324775695801,automatic_candidate_needs_semantic_review,True,False
case,C0576-N01,Co-S-B双功能电极零间隙碱性电解,2,242,N0243,Bifunctional / Oxygen evolution / Bifunctional catalyst,0.7812864780426025,0.005348324775695801,automatic_candidate_needs_semantic_review,True,False
case,C0576-N01,Co-S-B双功能电极零间隙碱性电解,3,146,N0147,Electrolysis / Electrolysis of water / Polymer electrolyte membrane electrolysis,0.7811465263366699,0.005348324775695801,automatic_candidate_needs_semantic_review,True,False
case,C0579-N01,分段外转子同步磁阻电机代理建模,1,348,N0349,Magnet / Permanent magnet synchronous generator / Superconducting magnet,0.7555769681930542,0.020129621028900146,automatic_candidate_needs_semantic_review,True,False
case,C0579-N01,分段外转子同步磁阻电机代理建模,2,322,N0323,Stator / Rotor (electric) / Induction generator,0.735447347164154,0.020129621028900146,automatic_candidate_needs_semantic_review,True,False
case,C0579-N01,分段外转子同步磁阻电机代理建模,3,180,N0181,Torque / Induction motor / Direct torque control,0.7346946597099304,0.020129621028900146,automatic_candidate_needs_semantic_review,True,False
case,C0582-N01,含时延孤岛微电网PI观测器协同调压,1,335,N0336,Islanding / Distributed generation / Blackout,0.7702160477638245,0.016565978527069092,automatic_candidate_needs_semantic_review,True,False
case,C0582-N01,含时延孤岛微电网PI观测器协同调压,2,76,N0077,Microgrid / Voltage droop / Automatic frequency control,0.7536500692367554,0.016565978527069092,automatic_candidate_needs_semantic_review,True,False
case,C0582-N01,含时延孤岛微电网PI观测器协同调压,3,9,N0010,Control theory (sociology) / Voltage / Control (management),0.7484978437423706,0.016565978527069092,automatic_candidate_needs_semantic_review,True,False
case,C0585-N01,温控狭缝涂布柔性有机光伏,1,81,N0082,Organic solar cell / Polymer solar cell / Energy conversion efficiency,0.7955265045166016,0.01647663116455078,automatic_candidate_needs_semantic_review,True,False
case,C0585-N01,温控狭缝涂布柔性有机光伏,2,280,N0281,Open-circuit voltage / Short circuit / Voltage,0.7790498733520508,0.01647663116455078,automatic_candidate_needs_semantic_review,True,False
case,C0585-N01,温控狭缝涂布柔性有机光伏,3,207,N0208,Photovoltaics / Grid parity / Commercialization,0.765683650970459,0.01647663116455078,automatic_candidate_needs_semantic_review,True,False
case,C0588-N01,变电站爆破接地降阻,1,433,N0434,Ground / Magnesium / Lightning (connector),0.7157623767852783,0.03990447521209717,automatic_candidate_needs_semantic_review,True,False
case,C0588-N01,变电站爆破接地降阻,2,459,N0460,Circuit breaker / High voltage / Switchgear,0.6758579015731812,0.03990447521209717,automatic_candidate_needs_semantic_review,True,False
case,C0588-N01,变电站爆破接地降阻,3,1,N0002,Engineering / Electrical engineering / Computer science,0.6622171401977539,0.03990447521209717,automatic_candidate_needs_semantic_review,True,False
case,C0591-N01,无源分数阶电池等效电路建模,1,351,N0352,Electrical impedance / Equivalent circuit / Impedance matching,0.7329909801483154,0.0013173818588256836,automatic_candidate_needs_semantic_review,True,False
case,C0591-N01,无源分数阶电池等效电路建模,2,406,N0407,State of charge / Kalman filter / Extended Kalman filter,0.7316735982894897,0.0013173818588256836,automatic_candidate_needs_semantic_review,True,False
case,C0591-N01,无源分数阶电池等效电路建模,3,141,N0142,Algorithm / Mathematics / Fast Fourier transform,0.7284134030342102,0.0013173818588256836,automatic_candidate_needs_semantic_review,True,False
case,C0597-N01,SC-CNN-LSTM充电负荷预测,1,190,N0191,Electric vehicle / Charging station / Driving range,0.7574397325515747,0.009540140628814697,automatic_candidate_needs_semantic_review,True,False
case,C0597-N01,SC-CNN-LSTM充电负荷预测,2,406,N0407,State of charge / Kalman filter / Extended Kalman filter,0.74789959192276,0.009540140628814697,automatic_candidate_needs_semantic_review,True,False
case,C0597-N01,SC-CNN-LSTM充电负荷预测,3,330,N0331,Support vector machine / Data mining / Artificial intelligence,0.7470862865447998,0.009540140628814697,automatic_candidate_needs_semantic_review,True,False
case,C0600-N01,PEI捕碳吸附剂NMR降解诊断,1,288,N0289,Desorption / Thermal desorption / Thermal desorption spectroscopy,0.7262160181999207,0.006491184234619141,automatic_candidate_needs_semantic_review,True,False
case,C0600-N01,PEI捕碳吸附剂NMR降解诊断,2,34,N0035,Adsorption / Chemical engineering / Physical chemistry,0.7197248339653015,0.006491184234619141,automatic_candidate_needs_semantic_review,True,False
case,C0600-N01,PEI捕碳吸附剂NMR降解诊断,3,183,N0184,Sorption / Sorbent / Chemistry,0.7109584212303162,0.006491184234619141,automatic_candidate_needs_semantic_review,True,False
case,C0603-N01,溶胶凝胶ZnO太阳光催化染料降解,1,375,N0376,Methylene blue / Cationic polymerization / Methylene,0.7793852686882019,0.034408628940582275,automatic_candidate_needs_semantic_review,True,False
case,C0603-N01,溶胶凝胶ZnO太阳光催化染料降解,2,158,N0159,Wurtzite crystal structure / Zinc / Metallurgy,0.7449766397476196,0.034408628940582275,automatic_candidate_needs_semantic_review,True,False
case,C0603-N01,溶胶凝胶ZnO太阳光催化染料降解,3,325,N0326,Methyl orange / Orange (colour) / Orange G,0.7415316104888916,0.034408628940582275,automatic_candidate_needs_semantic_review,True,False
case,C0606-N01,岩石圈稳态三维地热温度建模,1,254,N0255,Geothermal gradient / Geothermal energy / Geothermal power,0.7094273567199707,0.026133418083190918,automatic_candidate_needs_semantic_review,True,False
case,C0606-N01,岩石圈稳态三维地热温度建模,2,186,N0187,Borehole / Geothermal gradient / Geothermal energy,0.6832939386367798,0.026133418083190918,automatic_candidate_needs_semantic_review,True,False
case,C0606-N01,岩石圈稳态三维地热温度建模,3,66,N0067,Geology / Geochemistry / Geotechnical engineering,0.659485936164856,0.026133418083190918,automatic_candidate_needs_semantic_review,True,False
case,C0609-N01,双电感非隔离部分功率直流变换,1,246,N0247,Topology (electrical circuits) / Network topology / Voltage,0.7791020274162292,0.0006911754608154297,automatic_candidate_needs_semantic_review,True,False
case,C0609-N01,双电感非隔离部分功率直流变换,2,110,N0111,Converters / Electronic engineering / Wave energy converter,0.7784108519554138,0.0006911754608154297,automatic_candidate_needs_semantic_review,True,False
case,C0609-N01,双电感非隔离部分功率直流变换,3,149,N0150,Boost converter / Forward converter / Ćuk converter,0.7767953276634216,0.0006911754608154297,automatic_candidate_needs_semantic_review,True,False
case,C0616-N01,PI/LLZTO纳米纤维隔膜锂金属界面稳定,1,315,N0316,Separator (oil production) / Polysulfide / Polyolefin,0.7828992605209351,0.056566715240478516,automatic_candidate_needs_semantic_review,True,False
case,C0616-N01,PI/LLZTO纳米纤维隔膜锂金属界面稳定,2,7,N0008,Lithium (medication) / Anode / Lithium-ion battery,0.7263325452804565,0.056566715240478516,automatic_candidate_needs_semantic_review,True,False
case,C0616-N01,PI/LLZTO纳米纤维隔膜锂金属界面稳定,3,159,N0160,Faraday efficiency / Reversible hydrogen electrode / Dendrite (mathematics),0.7261203527450562,0.056566715240478516,automatic_candidate_needs_semantic_review,True,False
case,C0627-N01,永磁偏置环形功率电感设计,1,348,N0349,Magnet / Permanent magnet synchronous generator / Superconducting magnet,0.7065207958221436,0.029702186584472656,automatic_candidate_needs_semantic_review,True,False
case,C0627-N01,永磁偏置环形功率电感设计,2,303,N0304,Inductance / Leakage inductance / Nanotechnology,0.6768186092376709,0.029702186584472656,automatic_candidate_needs_semantic_review,True,False
case,C0627-N01,永磁偏置环形功率电感设计,3,231,N0232,Ferromagnetism / Condensed matter physics / Spintronics,0.6733412742614746,0.029702186584472656,automatic_candidate_needs_semantic_review,True,False
case,C0632-N01,DDQN/PER电动车路径补能规划,1,190,N0191,Electric vehicle / Charging station / Driving range,0.7500656843185425,0.002190828323364258,automatic_candidate_needs_semantic_review,True,False
case,C0632-N01,DDQN/PER电动车路径补能规划,2,473,N0474,Reinforcement learning / Convergence (economics) / Artificial intelligence,0.7478748559951782,0.002190828323364258,automatic_candidate_needs_semantic_review,True,False
case,C0632-N01,DDQN/PER电动车路径补能规划,3,53,N0054,Mathematical optimization / Mathematics / Economic dispatch,0.7217866778373718,0.002190828323364258,automatic_candidate_needs_semantic_review,True,False
case,C0637-N01,MMC电流传感器协同故障诊断,1,154,N0155,Fault (geology) / Fault detection and isolation / Fault indicator,0.7666103839874268,0.033972203731536865,automatic_candidate_needs_semantic_review,True,False
case,C0637-N01,MMC电流传感器协同故障诊断,2,338,N0339,Modular design / Scalability / High-voltage direct current,0.7326381802558899,0.033972203731536865,automatic_candidate_needs_semantic_review,True,False
case,C0637-N01,MMC电流传感器协同故障诊断,3,460,N0461,SIGNAL (programming language) / Signal processing / Digital signal processing,0.7303990125656128,0.033972203731536865,automatic_candidate_needs_semantic_review,True,False
case,C0644-N01,微气泡水吸收再生分离二氧化碳,1,120,N0121,Wastewater / Pulp and paper industry / Environmental engineering,0.7453057765960693,0.0021176934242248535,automatic_candidate_needs_semantic_review,True,False
case,C0644-N01,微气泡水吸收再生分离二氧化碳,2,36,N0037,Biogas / Anaerobic digestion / Methane,0.7431880831718445,0.0021176934242248535,automatic_candidate_needs_semantic_review,True,False
case,C0644-N01,微气泡水吸收再生分离二氧化碳,3,458,N0459,Mass transfer / Chromatography / Volumetric flow rate,0.7322229743003845,0.0021176934242248535,automatic_candidate_needs_semantic_review,True,False
case,C0650-N01,热泵室外机空气旁通孔口测量模型,1,441,N0442,Heat pump / Coefficient of performance / Air source heat pumps,0.7454982399940491,0.020354092121124268,automatic_candidate_needs_semantic_review,True,False
case,C0650-N01,热泵室外机空气旁通孔口测量模型,2,408,N0409,HVAC / Air conditioning / Ventilation (architecture),0.7251441478729248,0.020354092121124268,automatic_candidate_needs_semantic_review,True,False
case,C0650-N01,热泵室外机空气旁通孔口测量模型,3,435,N0436,Air conditioning / Desiccant / Evaporative cooler,0.7166019082069397,0.020354092121124268,automatic_candidate_needs_semantic_review,True,False
case,C0661-N01,压电自供能无线SAW温度传感,1,276,N0277,Wireless / Wireless power transfer / Maximum power transfer theorem,0.7321165800094604,0.027397572994232178,automatic_candidate_needs_semantic_review,True,False
case,C0661-N01,压电自供能无线SAW温度传感,2,321,N0322,Energy harvesting / Triboelectric effect / Nanogenerator,0.7047190070152283,0.027397572994232178,automatic_candidate_needs_semantic_review,True,False
case,C0661-N01,压电自供能无线SAW温度传感,3,21,N0022,Electronic engineering / Amplifier / CMOS,0.7015083432197571,0.027397572994232178,automatic_candidate_needs_semantic_review,True,False
case,C0667-N01,储能电网调频控制软件,1,195,N0196,Control (management) / Control engineering / Control system,0.7027791738510132,0.000368654727935791,automatic_candidate_needs_semantic_review,True,False
case,C0667-N01,储能电网调频控制软件,2,399,N0400,Embedded system / Field-programmable gate array / Computer hardware,0.7024105191230774,0.000368654727935791,automatic_candidate_needs_semantic_review,True,False
case,C0667-N01,储能电网调频控制软件,3,235,N0236,Software / Operating system / Embedded system,0.6943163871765137,0.000368654727935791,automatic_candidate_needs_semantic_review,True,False
case,C0673-N01,硫化物固态电解质连续机械化学制备,1,479,N0480,Solid-state / Fast ion conductor / Solid solution,0.7787520885467529,0.020042240619659424,automatic_candidate_needs_semantic_review,True,False
case,C0673-N01,硫化物固态电解质连续机械化学制备,2,27,N0028,Electrolyte / Fast ion conductor / Ionic conductivity,0.7587098479270935,0.020042240619659424,automatic_candidate_needs_semantic_review,True,False
case,C0673-N01,硫化物固态电解质连续机械化学制备,3,142,N0143,Sulfur / Polysulfide / Lithium–sulfur battery,0.7521401643753052,0.020042240619659424,automatic_candidate_needs_semantic_review,True,False
case,C0679-N01,FPGA选择性谐波消除及SPWM控制,1,241,N0242,Pulse-width modulation / Modulation (music) / Electronic engineering,0.7608320713043213,0.007499575614929199,automatic_candidate_needs_semantic_review,True,False
case,C0679-N01,FPGA选择性谐波消除及SPWM控制,2,399,N0400,Embedded system / Field-programmable gate array / Computer hardware,0.7533324956893921,0.007499575614929199,automatic_candidate_needs_semantic_review,True,False
case,C0679-N01,FPGA选择性谐波消除及SPWM控制,3,115,N0116,Inverter / Grid-tie inverter / Maximum power point tracking,0.7501983642578125,0.007499575614929199,automatic_candidate_needs_semantic_review,True,False
case,C0685-N01,智能电表多层数据安全防护,1,188,N0189,Computer security / Cyber-physical system / Internet of Things,0.7962344288825989,0.027617990970611572,automatic_candidate_needs_semantic_review,True,False
case,C0685-N01,智能电表多层数据安全防护,2,249,N0250,Smart grid / Distributed computing / Smart meter,0.7686164379119873,0.027617990970611572,automatic_candidate_needs_semantic_review,True,False
case,C0685-N01,智能电表多层数据安全防护,3,289,N0290,Computer network / Real-time computing / Wireless sensor network,0.7160363793373108,0.027617990970611572,automatic_candidate_needs_semantic_review,True,False
case,C0690-N01,知识图谱与案例推理电力应急调度,1,437,N0438,Operations research / Probabilistic logic / Analytic hierarchy process,0.7129528522491455,0.00425487756729126,automatic_candidate_needs_semantic_review,True,False
case,C0690-N01,知识图谱与案例推理电力应急调度,2,53,N0054,Mathematical optimization / Mathematics / Economic dispatch,0.7086979746818542,0.00425487756729126,automatic_candidate_needs_semantic_review,True,False
case,C0690-N01,知识图谱与案例推理电力应急调度,3,256,N0257,Distribution (mathematics) / Mathematics / Mathematical analysis,0.7039362192153931,0.00425487756729126,automatic_candidate_needs_semantic_review,True,False
case,C0657-N01,半桥电感电容模块化电芯均衡,1,338,N0339,Modular design / Scalability / High-voltage direct current,0.749181866645813,4.404783248901367e-05,automatic_candidate_needs_semantic_review,True,False
case,C0657-N01,半桥电感电容模块化电芯均衡,2,246,N0247,Topology (electrical circuits) / Network topology / Voltage,0.749137818813324,4.404783248901367e-05,automatic_candidate_needs_semantic_review,True,False
case,C0657-N01,半桥电感电容模块化电芯均衡,3,104,N0105,Capacitor / Voltage / Electrical engineering,0.7299193143844604,4.404783248901367e-05,automatic_candidate_needs_semantic_review,True,False
case,C0660-N01,热预处理耦合生物浸出电池黑粉回收,1,286,N0287,Leaching (pedology) / Sulfuric acid / Chemistry,0.7469583749771118,0.012795567512512207,automatic_candidate_needs_semantic_review,True,False
case,C0660-N01,热预处理耦合生物浸出电池黑粉回收,2,120,N0121,Wastewater / Pulp and paper industry / Environmental engineering,0.7341628074645996,0.012795567512512207,automatic_candidate_needs_semantic_review,True,False
case,C0660-N01,热预处理耦合生物浸出电池黑粉回收,3,357,N0358,Raw material / Biorefinery / Metallurgy,0.7310550212860107,0.012795567512512207,automatic_candidate_needs_semantic_review,True,False
case,C0697-N01,废PET衍生钾离子电池有机负极,1,30,N0031,Anode / Electrode / Chemical engineering,0.7541109323501587,0.002408266067504883,automatic_candidate_needs_semantic_review,True,False
case,C0697-N01,废PET衍生钾离子电池有机负极,2,232,N0233,"PEDOT:PSS / Conductive polymer / Poly(3,4-ethylenedioxythiophene)",0.7517026662826538,0.002408266067504883,automatic_candidate_needs_semantic_review,True,False
case,C0697-N01,废PET衍生钾离子电池有机负极,3,112,N0113,Redox / Inorganic chemistry / Flow battery,0.7448995113372803,0.002408266067504883,automatic_candidate_needs_semantic_review,True,False
case,C0703-N01,下射锅炉旋流燃烧器二次风角优化,1,412,N0413,Boiler (water heating) / Engineering / Mechanical engineering,0.7293212413787842,0.020927369594573975,automatic_candidate_needs_semantic_review,True,False
case,C0703-N01,下射锅炉旋流燃烧器二次风角优化,2,64,N0065,Combustion / Waste management / Combustor,0.7083938717842102,0.020927369594573975,automatic_candidate_needs_semantic_review,True,False
case,C0703-N01,下射锅炉旋流燃烧器二次风角优化,3,14,N0015,Mechanics / Heat transfer / Thermodynamics,0.6991574168205261,0.020927369594573975,automatic_candidate_needs_semantic_review,True,False
case,C0708-N01,负载均衡电缆桥架支架布设,1,246,N0247,Topology (electrical circuits) / Network topology / Voltage,0.6995131969451904,0.006804287433624268,automatic_candidate_needs_semantic_review,True,False
case,C0708-N01,负载均衡电缆桥架支架布设,2,73,N0074,Electric power transmission / Transmission line / Transmission (telecommunications),0.6927089095115662,0.006804287433624268,automatic_candidate_needs_semantic_review,True,False
case,C0708-N01,负载均衡电缆桥架支架布设,3,359,N0360,Relay / Overcurrent / Protective relay,0.6889908313751221,0.006804287433624268,automatic_candidate_needs_semantic_review,True,False
case,C0713-N01,CNN-MLP/MPA电价预测,1,69,N0070,Artificial neural network / Artificial intelligence / Machine learning,0.774357259273529,0.013716399669647217,automatic_candidate_needs_semantic_review,True,False
case,C0713-N01,CNN-MLP/MPA电价预测,2,330,N0331,Support vector machine / Data mining / Artificial intelligence,0.7606408596038818,0.013716399669647217,automatic_candidate_needs_semantic_review,True,False
case,C0713-N01,CNN-MLP/MPA电价预测,3,141,N0142,Algorithm / Mathematics / Fast Fourier transform,0.7435327172279358,0.013716399669647217,automatic_candidate_needs_semantic_review,True,False
case,C0718-N01,RNN灰色关联配电规划可靠性建模,1,289,N0290,Computer network / Real-time computing / Wireless sensor network,0.7484949827194214,0.001858055591583252,automatic_candidate_needs_semantic_review,True,False
case,C0718-N01,RNN灰色关联配电规划可靠性建模,2,52,N0053,Reliability (semiconductor) / Reliability engineering / Computer science,0.7466369271278381,0.001858055591583252,automatic_candidate_needs_semantic_review,True,False
case,C0718-N01,RNN灰色关联配电规划可靠性建模,3,69,N0070,Artificial neural network / Artificial intelligence / Machine learning,0.738054633140564,0.001858055591583252,automatic_candidate_needs_semantic_review,True,False
case,C0725-N01,沸石催化废塑料热解与余热发电,1,94,N0095,Pyrolysis / Pulp and paper industry / Waste management,0.7680612802505493,0.017664313316345215,automatic_candidate_needs_semantic_review,True,False
case,C0725-N01,沸石催化废塑料热解与余热发电,2,357,N0358,Raw material / Biorefinery / Metallurgy,0.7503969669342041,0.017664313316345215,automatic_candidate_needs_semantic_review,True,False
case,C0725-N01,沸石催化废塑料热解与余热发电,3,366,N0367,Char / tar (computing) / Bituminous coal,0.7390644550323486,0.017664313316345215,automatic_candidate_needs_semantic_review,True,False
case,C0737-N01,SVC/TCSC联合无功补偿控制,1,355,N0356,Compensation (psychology) / Voltage sag / Compensation methods,0.7305877208709717,0.0007950067520141602,automatic_candidate_needs_semantic_review,True,False
case,C0737-N01,SVC/TCSC联合无功补偿控制,2,362,N0363,AC power / Power factor / Voltage optimisation,0.7297927141189575,0.0007950067520141602,automatic_candidate_needs_semantic_review,True,False
case,C0737-N01,SVC/TCSC联合无功补偿控制,3,338,N0339,Modular design / Scalability / High-voltage direct current,0.7293069362640381,0.0007950067520141602,automatic_candidate_needs_semantic_review,True,False
case,C0742-N01,硫醇修饰Ru/rGO氮气电还原制氨,1,404,N0405,Ruthenium / Photochemistry / Ruthenium oxide,0.7864248156547546,0.02546936273574829,automatic_candidate_needs_semantic_review,True,False
case,C0742-N01,硫醇修饰Ru/rGO氮气电还原制氨,2,163,N0164,Formate / Inorganic chemistry / Chemistry,0.7609554529190063,0.02546936273574829,automatic_candidate_needs_semantic_review,True,False
case,C0742-N01,硫醇修饰Ru/rGO氮气电还原制氨,3,381,N0382,Electron transfer / Photochemistry / Proton,0.7594950199127197,0.02546936273574829,automatic_candidate_needs_semantic_review,True,False
case,C0747-N01,PLC/IoT轻量认证与本地入侵检测,1,188,N0189,Computer security / Cyber-physical system / Internet of Things,0.7798681259155273,0.05182594060897827,automatic_candidate_needs_semantic_review,True,False
case,C0747-N01,PLC/IoT轻量认证与本地入侵检测,2,399,N0400,Embedded system / Field-programmable gate array / Computer hardware,0.7280421853065491,0.05182594060897827,automatic_candidate_needs_semantic_review,True,False
case,C0747-N01,PLC/IoT轻量认证与本地入侵检测,3,289,N0290,Computer network / Real-time computing / Wireless sensor network,0.7128314971923828,0.05182594060897827,automatic_candidate_needs_semantic_review,True,False
case,W001,WindFloat Atlantic三台WindFloat T浮式平台,1,194,N0195,Offshore wind power / Submarine pipeline / Marine engineering,0.7125392556190491,0.04088932275772095,automatic_candidate_needs_semantic_review,True,False
case,W001,WindFloat Atlantic三台WindFloat T浮式平台,2,26,N0027,Turbine / Marine engineering / Mechanical engineering,0.6716499328613281,0.04088932275772095,automatic_candidate_needs_semantic_review,True,False
case,W001,WindFloat Atlantic三台WindFloat T浮式平台,3,90,N0091,Current (fluid) / Tidal power / Tidal current,0.6696649789810181,0.04088932275772095,automatic_candidate_needs_semantic_review,True,False
case,W002,格力大小容积切换家用多联机49套应用,1,408,N0409,HVAC / Air conditioning / Ventilation (architecture),0.6924519538879395,0.02313101291656494,automatic_candidate_needs_semantic_review,True,False
case,W002,格力大小容积切换家用多联机49套应用,2,307,N0308,Inductor / Duty cycle / Inductance,0.6693209409713745,0.02313101291656494,automatic_candidate_needs_semantic_review,True,False
case,W002,格力大小容积切换家用多联机49套应用,3,110,N0111,Converters / Electronic engineering / Wave energy converter,0.6671983599662781,0.02313101291656494,automatic_candidate_needs_semantic_review,True,False
case,W003,特锐德成都公交群智能充电网络,1,190,N0191,Electric vehicle / Charging station / Driving range,0.7053886651992798,0.021201252937316895,automatic_candidate_needs_semantic_review,True,False
case,W003,特锐德成都公交群智能充电网络,2,379,N0380,Energy management / Energy management system / Power management,0.6841874122619629,0.021201252937316895,automatic_candidate_needs_semantic_review,True,False
case,W003,特锐德成都公交群智能充电网络,3,342,N0343,Software deployment / Carbon capture and storage (timeline) / Scalability,0.6840006709098816,0.021201252937316895,automatic_candidate_needs_semantic_review,True,False
case,W004,共济XVAC精密空调控制柜京南云10台应用,1,408,N0409,HVAC / Air conditioning / Ventilation (architecture),0.7259442210197449,0.021575331687927246,automatic_candidate_needs_semantic_review,True,False
case,W004,共济XVAC精密空调控制柜京南云10台应用,2,435,N0436,Air conditioning / Desiccant / Evaporative cooler,0.7043688893318176,0.021575331687927246,automatic_candidate_needs_semantic_review,True,False
case,W004,共济XVAC精密空调控制柜京南云10台应用,3,102,N0103,Energy consumption / Environmental economics / Consumption (sociology),0.6835992336273193,0.021575331687927246,automatic_candidate_needs_semantic_review,True,False
case,W005,华厚RED-HOO相变储热26套供暖应用,1,171,N0172,Thermal energy storage / Phase-change material / Latent heat,0.6917728781700134,0.008131325244903564,automatic_candidate_needs_semantic_review,True,False
case,W005,华厚RED-HOO相变储热26套供暖应用,2,156,N0157,Heat exchanger / Mechanical engineering / Heat transfer,0.6836415529251099,0.008131325244903564,automatic_candidate_needs_semantic_review,True,False
case,W005,华厚RED-HOO相变储热26套供暖应用,3,165,N0166,Thermal / Process engineering / Mechanical engineering,0.6726510524749756,0.008131325244903564,automatic_candidate_needs_semantic_review,True,False
case,W006,华航HSRT三台向心式ORC余热发电,1,240,N0241,Organic Rankine cycle / Degree Rankine / Working fluid,0.7243631482124329,0.031937360763549805,automatic_candidate_needs_semantic_review,True,False
case,W006,华航HSRT三台向心式ORC余热发电,2,470,N0471,Cogeneration / Tandem / Stirling engine,0.6924257874488831,0.031937360763549805,automatic_candidate_needs_semantic_review,True,False
case,W006,华航HSRT三台向心式ORC余热发电,3,413,N0414,Power station / Thermal power station / Combined cycle,0.6892996430397034,0.031937360763549805,automatic_candidate_needs_semantic_review,True,False
case,W007,德邦热水型溴化锂制冷余热改造,1,203,N0204,Process engineering / Desalination / Distillation,0.6840730309486389,0.0035327672958374023,automatic_candidate_needs_semantic_review,True,False
case,W007,德邦热水型溴化锂制冷余热改造,2,435,N0436,Air conditioning / Desiccant / Evaporative cooler,0.6805402636528015,0.0035327672958374023,automatic_candidate_needs_semantic_review,True,False
case,W007,德邦热水型溴化锂制冷余热改造,3,376,N0377,Condenser (optics) / Evaporator / Heat pipe,0.6787861585617065,0.0035327672958374023,automatic_candidate_needs_semantic_review,True,False
case,W008,哈锅常熟3×650MW锅炉升参数改造,1,412,N0413,Boiler (water heating) / Engineering / Mechanical engineering,0.7045810222625732,0.03252601623535156,automatic_candidate_needs_semantic_review,True,False
case,W008,哈锅常熟3×650MW锅炉升参数改造,2,156,N0157,Heat exchanger / Mechanical engineering / Heat transfer,0.6720550060272217,0.03252601623535156,automatic_candidate_needs_semantic_review,True,False
case,W008,哈锅常熟3×650MW锅炉升参数改造,3,441,N0442,Heat pump / Coefficient of performance / Air source heat pumps,0.6685570478439331,0.03252601623535156,automatic_candidate_needs_semantic_review,True,False
case,W009,誉特双菏泽富海20MW汽轮机通流EMC改造,1,413,N0414,Power station / Thermal power station / Combined cycle,0.6805867552757263,0.0006030797958374023,automatic_candidate_needs_semantic_review,True,False
case,W009,誉特双菏泽富海20MW汽轮机通流EMC改造,2,412,N0413,Boiler (water heating) / Engineering / Mechanical engineering,0.6799836754798889,0.0006030797958374023,automatic_candidate_needs_semantic_review,True,False
case,W009,誉特双菏泽富海20MW汽轮机通流EMC改造,3,497,N0498,Unit (ring theory) / Mathematics / Power system simulation,0.6776944994926453,0.0006030797958374023,automatic_candidate_needs_semantic_review,True,False
case,W010,清创晋华临猗水冷壁废锅水煤浆气化改造,1,230,N0231,Syngas / Wood gas generator / Waste management,0.6494654417037964,0.015784740447998047,automatic_candidate_needs_semantic_review,True,False
case,W010,清创晋华临猗水冷壁废锅水煤浆气化改造,2,357,N0358,Raw material / Biorefinery / Metallurgy,0.6336807012557983,0.015784740447998047,automatic_candidate_needs_semantic_review,True,False
case,W010,清创晋华临猗水冷壁废锅水煤浆气化改造,3,412,N0413,Boiler (water heating) / Engineering / Mechanical engineering,0.6332467198371887,0.015784740447998047,automatic_candidate_needs_semantic_review,True,False
case,W011,Pelham储能项目26台Sunny Central Storage 2475,1,60,N0061,Energy storage / Electrochemical energy storage / Process engineering,0.6777295470237732,0.022824406623840332,automatic_candidate_needs_semantic_review,True,False
case,W011,Pelham储能项目26台Sunny Central Storage 2475,2,33,N0034,Battery (electricity) / Lithium-ion battery / Battery pack,0.6549051403999329,0.022824406623840332,automatic_candidate_needs_semantic_review,True,False
case,W011,Pelham储能项目26台Sunny Central Storage 2475,3,275,N0276,Sizing / Hybrid system / Installation,0.6508095264434814,0.022824406623840332,automatic_candidate_needs_semantic_review,True,False
case,W012,REFHYNE莱茵炼厂10MW PEM电解系统,1,118,N0119,Production (economics) / Payback period / Engineering,0.6899521350860596,0.011026620864868164,automatic_candidate_needs_semantic_review,True,False
case,W012,REFHYNE莱茵炼厂10MW PEM电解系统,2,24,N0025,Hydrogen / Hydrogen production / Hydrogen storage,0.6789255142211914,0.011026620864868164,automatic_candidate_needs_semantic_review,True,False
case,W012,REFHYNE莱茵炼厂10MW PEM电解系统,3,3,N0004,Environmental science / Waste management / Engineering,0.6759393215179443,0.011026620864868164,automatic_candidate_needs_semantic_review,True,False
case,W013,Lingen PEM制氢至Evonik的初次工业供氢路线,1,24,N0025,Hydrogen / Hydrogen production / Hydrogen storage,0.6691510677337646,0.012668728828430176,automatic_candidate_needs_semantic_review,True,False
case,W013,Lingen PEM制氢至Evonik的初次工业供氢路线,2,118,N0119,Production (economics) / Payback period / Engineering,0.6564823389053345,0.012668728828430176,automatic_candidate_needs_semantic_review,True,False
case,W013,Lingen PEM制氢至Evonik的初次工业供氢路线,3,212,N0213,Fuel cells / Activation energy / Hydrogen fuel,0.6469396352767944,0.012668728828430176,automatic_candidate_needs_semantic_review,True,False
case,W014,Hornsdale一期100MW储能调频服务系统,1,320,N0321,Hydropower / Hydroelectricity / Small hydro,0.6704770922660828,0.011188089847564697,automatic_candidate_needs_semantic_review,True,False
case,W014,Hornsdale一期100MW储能调频服务系统,2,39,N0040,Electricity generation / Cost of electricity by source / Power (physics),0.6592890024185181,0.011188089847564697,automatic_candidate_needs_semantic_review,True,False
case,W014,Hornsdale一期100MW储能调频服务系统,3,413,N0414,Power station / Thermal power station / Combined cycle,0.6568551063537598,0.011188089847564697,automatic_candidate_needs_semantic_review,True,False
case,W015,Sleipner Utsira地层二氧化碳注入封存,1,326,N0327,Petroleum engineering / Oil shale / Permeability (electromagnetism),0.6346073150634766,0.022366225719451904,automatic_candidate_needs_semantic_review,True,False
case,W015,Sleipner Utsira地层二氧化碳注入封存,2,66,N0067,Geology / Geochemistry / Geotechnical engineering,0.6122410893440247,0.022366225719451904,automatic_candidate_needs_semantic_review,True,False
case,W015,Sleipner Utsira地层二氧化碳注入封存,3,191,N0192,Natural gas / Natural (archaeology) / Waste management,0.6082792282104492,0.022366225719451904,automatic_candidate_needs_semantic_review,True,False
case,W016,Danucem TURBODEN 50 HR余热ORC及修复服务,1,413,N0414,Power station / Thermal power station / Combined cycle,0.6644606590270996,0.005562305450439453,automatic_candidate_needs_semantic_review,True,False
case,W016,Danucem TURBODEN 50 HR余热ORC及修复服务,2,240,N0241,Organic Rankine cycle / Degree Rankine / Working fluid,0.6588983535766602,0.005562305450439453,automatic_candidate_needs_semantic_review,True,False
case,W016,Danucem TURBODEN 50 HR余热ORC及修复服务,3,3,N0004,Environmental science / Waste management / Engineering,0.6554900407791138,0.005562305450439453,automatic_candidate_needs_semantic_review,True,False
case,W017,HeliaSol西门子能源纽伦堡工厂立面太阳能薄膜,1,207,N0208,Photovoltaics / Grid parity / Commercialization,0.6576652526855469,0.00736922025680542,automatic_candidate_needs_semantic_review,True,False
case,W017,HeliaSol西门子能源纽伦堡工厂立面太阳能薄膜,2,309,N0310,Architectural engineering / Civil engineering / Zero-energy building,0.6502960324287415,0.00736922025680542,automatic_candidate_needs_semantic_review,True,False
case,W017,HeliaSol西门子能源纽伦堡工厂立面太阳能薄膜,3,130,N0131,Solar energy / Solar power / Photovoltaic thermal hybrid solar collector,0.647666335105896,0.00736922025680542,automatic_candidate_needs_semantic_review,True,False
case,W018,嘉轩丁集矿永磁直驱电动滚筒两套应用,1,247,N0248,Electrical conductor / Conductor / Composite material,0.6633577346801758,0.003586292266845703,automatic_candidate_needs_semantic_review,True,False
case,W018,嘉轩丁集矿永磁直驱电动滚筒两套应用,2,226,N0227,Electromagnetic coil / Electrical engineering / Wireless power transfer,0.6597714424133301,0.003586292266845703,automatic_candidate_needs_semantic_review,True,False
case,W018,嘉轩丁集矿永磁直驱电动滚筒两套应用,3,303,N0304,Inductance / Leakage inductance / Nanotechnology,0.6576122045516968,0.003586292266845703,automatic_candidate_needs_semantic_review,True,False
direction,TD-bc9274e0e45f,电池冷却与散热,1,126,N0127,Work (physics) / Mechanical engineering / Thermodynamics,0.6660042405128479,0.002812802791595459,automatic_candidate_needs_semantic_review,True,False
direction,TD-bc9274e0e45f,电池冷却与散热,2,491,N0492,Function (biology) / Transfer function / Set (abstract data type),0.6631914377212524,0.002812802791595459,automatic_candidate_needs_semantic_review,True,False
direction,TD-bc9274e0e45f,电池冷却与散热,3,165,N0166,Thermal / Process engineering / Mechanical engineering,0.6606852412223816,0.002812802791595459,automatic_candidate_needs_semantic_review,True,False
direction,TD-ea4641969b13,电池低温预热,1,33,N0034,Battery (electricity) / Lithium-ion battery / Battery pack,0.6457995772361755,0.003445267677307129,automatic_candidate_needs_semantic_review,True,False
direction,TD-ea4641969b13,电池低温预热,2,497,N0498,Unit (ring theory) / Mathematics / Power system simulation,0.6423543095588684,0.003445267677307129,automatic_candidate_needs_semantic_review,True,False
direction,TD-ea4641969b13,电池低温预热,3,126,N0127,Work (physics) / Mechanical engineering / Thermodynamics,0.6398603916168213,0.003445267677307129,automatic_candidate_needs_semantic_review,True,False
direction,TD-ee1e6c2fcf95,充电设施散热,1,497,N0498,Unit (ring theory) / Mathematics / Power system simulation,0.663947582244873,0.0012674331665039062,automatic_candidate_needs_semantic_review,True,False
direction,TD-ee1e6c2fcf95,充电设施散热,2,126,N0127,Work (physics) / Mechanical engineering / Thermodynamics,0.6626801490783691,0.0012674331665039062,automatic_candidate_needs_semantic_review,True,False
direction,TD-ee1e6c2fcf95,充电设施散热,3,165,N0166,Thermal / Process engineering / Mechanical engineering,0.6612263917922974,0.0012674331665039062,automatic_candidate_needs_semantic_review,True,False
direction,TD-d5098a789e1b,电池热失控与传播,1,491,N0492,Function (biology) / Transfer function / Set (abstract data type),0.677870512008667,0.0018880963325500488,automatic_candidate_needs_semantic_review,True,False
direction,TD-d5098a789e1b,电池热失控与传播,2,126,N0127,Work (physics) / Mechanical engineering / Thermodynamics,0.6759824156761169,0.0018880963325500488,automatic_candidate_needs_semantic_review,True,False
direction,TD-d5098a789e1b,电池热失控与传播,3,440,N0441,Forensic engineering / Engineering / Thermal runaway,0.6653976440429688,0.0018880963325500488,automatic_candidate_needs_semantic_review,True,False
direction,TD-2ebc72669b63,电池火灾抑制与灭火,1,491,N0492,Function (biology) / Transfer function / Set (abstract data type),0.6447350382804871,0.006599009037017822,automatic_candidate_needs_semantic_review,True,False
direction,TD-2ebc72669b63,电池火灾抑制与灭火,2,126,N0127,Work (physics) / Mechanical engineering / Thermodynamics,0.6381360292434692,0.006599009037017822,automatic_candidate_needs_semantic_review,True,False
direction,TD-2ebc72669b63,电池火灾抑制与灭火,3,497,N0498,Unit (ring theory) / Mathematics / Power system simulation,0.6378995180130005,0.006599009037017822,automatic_candidate_needs_semantic_review,True,False
direction,TD-6a80fa303b1f,电池荷电状态估计,1,406,N0407,State of charge / Kalman filter / Extended Kalman filter,0.69520103931427,0.015232563018798828,automatic_candidate_needs_semantic_review,True,False
direction,TD-6a80fa303b1f,电池荷电状态估计,2,33,N0034,Battery (electricity) / Lithium-ion battery / Battery pack,0.6799684762954712,0.015232563018798828,automatic_candidate_needs_semantic_review,True,False
direction,TD-6a80fa303b1f,电池荷电状态估计,3,491,N0492,Function (biology) / Transfer function / Set (abstract data type),0.6780906915664673,0.015232563018798828,automatic_candidate_needs_semantic_review,True,False
direction,TD-7006106bb1f8,电池健康状态与寿命预测,1,463,N0464,Service (business) / Marketing / Telecommunications,0.6611070036888123,0.0019408464431762695,automatic_candidate_needs_semantic_review,True,False
direction,TD-7006106bb1f8,电池健康状态与寿命预测,2,491,N0492,Function (biology) / Transfer function / Set (abstract data type),0.659166157245636,0.0019408464431762695,automatic_candidate_needs_semantic_review,True,False
direction,TD-7006106bb1f8,电池健康状态与寿命预测,3,126,N0127,Work (physics) / Mechanical engineering / Thermodynamics,0.6525756120681763,0.0019408464431762695,automatic_candidate_needs_semantic_review,True,False
direction,TD-366f2d3585db,电池等效电路与参数辨识,1,491,N0492,Function (biology) / Transfer function / Set (abstract data type),0.6699995398521423,0.008775055408477783,automatic_candidate_needs_semantic_review,True,False
direction,TD-366f2d3585db,电池等效电路与参数辨识,2,424,N0425,Systems engineering / Engineering / Automation,0.6612244844436646,0.008775055408477783,automatic_candidate_needs_semantic_review,True,False
direction,TD-366f2d3585db,电池等效电路与参数辨识,3,1,N0002,Engineering / Electrical engineering / Computer science,0.659135103225708,0.008775055408477783,automatic_candidate_needs_semantic_review,True,False
direction,TD-9040e618a512,动力电池梯次利用,1,491,N0492,Function (biology) / Transfer function / Set (abstract data type),0.6688740849494934,0.0053095221519470215,automatic_candidate_needs_semantic_review,True,False
direction,TD-9040e618a512,动力电池梯次利用,2,419,N0420,Sequence (biology) / Symmetrical components / Ancient history,0.6635645627975464,0.0053095221519470215,automatic_candidate_needs_semantic_review,True,False
direction,TD-9040e618a512,动力电池梯次利用,3,463,N0464,Service (business) / Marketing / Telecommunications,0.6618455052375793,0.0053095221519470215,automatic_candidate_needs_semantic_review,True,False
direction,TD-d70643a25962,电池单体均衡控制,1,491,N0492,Function (biology) / Transfer function / Set (abstract data type),0.6696359515190125,0.0032277703285217285,automatic_candidate_needs_semantic_review,True,False
direction,TD-d70643a25962,电池单体均衡控制,2,195,N0196,Control (management) / Control engineering / Control system,0.6664081811904907,0.0032277703285217285,automatic_candidate_needs_semantic_review,True,False
direction,TD-d70643a25962,电池单体均衡控制,3,497,N0498,Unit (ring theory) / Mathematics / Power system simulation,0.6639391779899597,0.0032277703285217285,automatic_candidate_needs_semantic_review,True,False
direction,TD-89555b2b407a,电池阻抗表征,1,491,N0492,Function (biology) / Transfer function / Set (abstract data type),0.6506422758102417,0.005779564380645752,automatic_candidate_needs_semantic_review,True,False
direction,TD-89555b2b407a,电池阻抗表征,2,33,N0034,Battery (electricity) / Lithium-ion battery / Battery pack,0.644862711429596,0.005779564380645752,automatic_candidate_needs_semantic_review,True,False
direction,TD-89555b2b407a,电池阻抗表征,3,1,N0002,Engineering / Electrical engineering / Computer science,0.6435892581939697,0.005779564380645752,automatic_candidate_needs_semantic_review,True,False
direction,TD-2fcf8c8538a6,电池老化实验与循环寿命,1,126,N0127,Work (physics) / Mechanical engineering / Thermodynamics,0.6562617421150208,0.0015304088592529297,automatic_candidate_needs_semantic_review,True,False
direction,TD-2fcf8c8538a6,电池老化实验与循环寿命,2,33,N0034,Battery (electricity) / Lithium-ion battery / Battery pack,0.6547313332557678,0.0015304088592529297,automatic_candidate_needs_semantic_review,True,False
direction,TD-2fcf8c8538a6,电池老化实验与循环寿命,3,491,N0492,Function (biology) / Transfer function / Set (abstract data type),0.6541353464126587,0.0015304088592529297,automatic_candidate_needs_semantic_review,True,False
direction,TD-d2da57e12402,固态聚合物锂电解质,1,198,N0199,Chemistry / Organic chemistry / Combinatorial chemistry,0.6231582760810852,0.006089270114898682,automatic_candidate_needs_semantic_review,True,False
direction,TD-d2da57e12402,固态聚合物锂电解质,2,126,N0127,Work (physics) / Mechanical engineering / Thermodynamics,0.6170690059661865,0.006089270114898682,automatic_candidate_needs_semantic_review,True,False
direction,TD-d2da57e12402,固态聚合物锂电解质,3,491,N0492,Function (biology) / Transfer function / Set (abstract data type),0.6104994416236877,0.006089270114898682,automatic_candidate_needs_semantic_review,True,False
direction,TD-0202c7239fab,凝胶聚合物锂电解质,1,198,N0199,Chemistry / Organic chemistry / Combinatorial chemistry,0.6230606436729431,0.00856161117553711,automatic_candidate_needs_semantic_review,True,False
direction,TD-0202c7239fab,凝胶聚合物锂电解质,2,333,N0334,Electronics / Power electronics / Organic electronics,0.614499032497406,0.00856161117553711,automatic_candidate_needs_semantic_review,True,False
direction,TD-0202c7239fab,凝胶聚合物锂电解质,3,126,N0127,Work (physics) / Mechanical engineering / Thermodynamics,0.609406590461731,0.00856161117553711,automatic_candidate_needs_semantic_review,True,False
direction,TD-6340d8da0763,电池隔膜制备与改性,1,126,N0127,Work (physics) / Mechanical engineering / Thermodynamics,0.6572768688201904,0.0021620988845825195,automatic_candidate_needs_semantic_review,True,False
direction,TD-6340d8da0763,电池隔膜制备与改性,2,491,N0492,Function (biology) / Transfer function / Set (abstract data type),0.6551147699356079,0.0021620988845825195,automatic_candidate_needs_semantic_review,True,False
direction,TD-6340d8da0763,电池隔膜制备与改性,3,86,N0087,Process (computing) / Process engineering / Engineering,0.6532405614852905,0.0021620988845825195,automatic_candidate_needs_semantic_review,True,False
direction,TD-dbc64cde7e29,电池电极粘结剂,1,104,N0105,Capacitor / Voltage / Electrical engineering,0.6454854607582092,0.00048488378524780273,automatic_candidate_needs_semantic_review,True,False
direction,TD-dbc64cde7e29,电池电极粘结剂,2,33,N0034,Battery (electricity) / Lithium-ion battery / Battery pack,0.6450005769729614,0.00048488378524780273,automatic_candidate_needs_semantic_review,True,False
direction,TD-dbc64cde7e29,电池电极粘结剂,3,333,N0334,Electronics / Power electronics / Organic electronics,0.6420165300369263,0.00048488378524780273,automatic_candidate_needs_semantic_review,True,False
direction,TD-fb78d11d81a2,二次电池电解液添加剂与配方,1,198,N0199,Chemistry / Organic chemistry / Combinatorial chemistry,0.6407948732376099,0.003359973430633545,automatic_candidate_needs_semantic_review,True,False
direction,TD-fb78d11d81a2,二次电池电解液添加剂与配方,2,143,N0144,Biochemical engineering / Context (archaeology) / Solar cell,0.6374348998069763,0.003359973430633545,automatic_candidate_needs_semantic_review,True,False
direction,TD-fb78d11d81a2,二次电池电解液添加剂与配方,3,33,N0034,Battery (electricity) / Lithium-ion battery / Battery pack,0.6354405283927917,0.003359973430633545,automatic_candidate_needs_semantic_review,True,False
direction,TD-ff82004cc0d2,锂金属负极界面稳定与枝晶抑制,1,491,N0492,Function (biology) / Transfer function / Set (abstract data type),0.6357988119125366,0.0027543306350708008,automatic_candidate_needs_semantic_review,True,False
direction,TD-ff82004cc0d2,锂金属负极界面稳定与枝晶抑制,2,264,N0265,Stability (learning theory) / Mathematics / Machine learning,0.6330444812774658,0.0027543306350708008,automatic_candidate_needs_semantic_review,True,False
direction,TD-ff82004cc0d2,锂金属负极界面稳定与枝晶抑制,3,423,N0424,Interface (matter) / Graphical user interface / User interface,0.6278577446937561,0.0027543306350708008,automatic_candidate_needs_semantic_review,True,False
direction,TD-001db14937c9,钠离子电池负极材料,1,7,N0008,Lithium (medication) / Anode / Lithium-ion battery,0.6383235454559326,0.0045095086097717285,automatic_candidate_needs_semantic_review,True,False
direction,TD-001db14937c9,钠离子电池负极材料,2,33,N0034,Battery (electricity) / Lithium-ion battery / Battery pack,0.6338140368461609,0.0045095086097717285,automatic_candidate_needs_semantic_review,True,False
direction,TD-001db14937c9,钠离子电池负极材料,3,333,N0334,Electronics / Power electronics / Organic electronics,0.6264184713363647,0.0045095086097717285,automatic_candidate_needs_semantic_review,True,False
direction,TD-aab0c69b8bbb,钠离子电池正极材料,1,7,N0008,Lithium (medication) / Anode / Lithium-ion battery,0.6380195617675781,0.0021442174911499023,automatic_candidate_needs_semantic_review,True,False
direction,TD-aab0c69b8bbb,钠离子电池正极材料,2,479,N0480,Solid-state / Fast ion conductor / Solid solution,0.6358753442764282,0.0021442174911499023,automatic_candidate_needs_semantic_review,True,False
direction,TD-aab0c69b8bbb,钠离子电池正极材料,3,333,N0334,Electronics / Power electronics / Organic electronics,0.6336904764175415,0.0021442174911499023,automatic_candidate_needs_semantic_review,True,False
direction,TD-b226be5bdae1,钠电池电解液与界面,1,198,N0199,Chemistry / Organic chemistry / Combinatorial chemistry,0.6448652148246765,0.0005691647529602051,automatic_candidate_needs_semantic_review,True,False
direction,TD-b226be5bdae1,钠电池电解液与界面,2,423,N0424,Interface (matter) / Graphical user interface / User interface,0.6442960500717163,0.0005691647529602051,automatic_candidate_needs_semantic_review,True,False
direction,TD-b226be5bdae1,钠电池电解液与界面,3,27,N0028,Electrolyte / Fast ion conductor / Ionic conductivity,0.6438340544700623,0.0005691647529602051,automatic_candidate_needs_semantic_review,True,False
direction,TD-49bb9d2994cc,水系锌离子电池,1,60,N0061,Energy storage / Electrochemical energy storage / Process engineering,0.6379872560501099,0.0015943050384521484,automatic_candidate_needs_semantic_review,True,False
direction,TD-49bb9d2994cc,水系锌离子电池,2,33,N0034,Battery (electricity) / Lithium-ion battery / Battery pack,0.6363929510116577,0.0015943050384521484,automatic_candidate_needs_semantic_review,True,False
direction,TD-49bb9d2994cc,水系锌离子电池,3,58,N0059,Ion / Ionic bonding / Atomic physics,0.6300734281539917,0.0015943050384521484,automatic_candidate_needs_semantic_review,True,False
direction,TD-f378d69f2cc9,锌空气电池,1,212,N0213,Fuel cells / Activation energy / Hydrogen fuel,0.6261952519416809,0.0008573532104492188,automatic_candidate_needs_semantic_review,True,False
direction,TD-f378d69f2cc9,锌空气电池,2,224,N0225,Aeronautics / Aerospace engineering / Propulsion,0.6253378987312317,0.0008573532104492188,automatic_candidate_needs_semantic_review,True,False
direction,TD-f378d69f2cc9,锌空气电池,3,497,N0498,Unit (ring theory) / Mathematics / Power system simulation,0.6217965483665466,0.0008573532104492188,automatic_candidate_needs_semantic_review,True,False
direction,TD-084312e9f54f,水系锌电池负极及界面稳定,1,126,N0127,Work (physics) / Mechanical engineering / Thermodynamics,0.6577970385551453,0.0011722445487976074,automatic_candidate_needs_semantic_review,True,False
direction,TD-084312e9f54f,水系锌电池负极及界面稳定,2,491,N0492,Function (biology) / Transfer function / Set (abstract data type),0.6566247940063477,0.0011722445487976074,automatic_candidate_needs_semantic_review,True,False
direction,TD-084312e9f54f,水系锌电池负极及界面稳定,3,419,N0420,Sequence (biology) / Symmetrical components / Ancient history,0.6560548543930054,0.0011722445487976074,automatic_candidate_needs_semantic_review,True,False
direction,TD-61f07497b611,锂硫电池正极与多硫化物调控,1,491,N0492,Function (biology) / Transfer function / Set (abstract data type),0.6324247121810913,0.0019828081130981445,automatic_candidate_needs_semantic_review,True,False
direction,TD-61f07497b611,锂硫电池正极与多硫化物调控,2,483,N0484,Dual (grammatical number) / Point (geometry) / Permeation,0.6304419040679932,0.0019828081130981445,automatic_candidate_needs_semantic_review,True,False
direction,TD-61f07497b611,锂硫电池正极与多硫化物调控,3,195,N0196,Control (management) / Control engineering / Control system,0.630439817905426,0.0019828081130981445,automatic_candidate_needs_semantic_review,True,False
direction,TD-eaf8ea706177,锂电磷酸盐正极材料,1,333,N0334,Electronics / Power electronics / Organic electronics,0.6462540626525879,0.014658749103546143,automatic_candidate_needs_semantic_review,True,False
direction,TD-eaf8ea706177,锂电磷酸盐正极材料,2,4,N0005,Optoelectronics / Nanotechnology / Energy conversion efficiency,0.6315953135490417,0.014658749103546143,automatic_candidate_needs_semantic_review,True,False
direction,TD-eaf8ea706177,锂电磷酸盐正极材料,3,86,N0087,Process (computing) / Process engineering / Engineering,0.6250748634338379,0.014658749103546143,automatic_candidate_needs_semantic_review,True,False
direction,TD-ff915d8024e1,层状及富镍锂电正极材料,1,4,N0005,Optoelectronics / Nanotechnology / Energy conversion efficiency,0.6535784006118774,0.00786370038986206,automatic_candidate_needs_semantic_review,True,False
direction,TD-ff915d8024e1,层状及富镍锂电正极材料,2,333,N0334,Electronics / Power electronics / Organic electronics,0.6457147002220154,0.00786370038986206,automatic_candidate_needs_semantic_review,True,False
direction,TD-ff915d8024e1,层状及富镍锂电正极材料,3,295,N0296,Polarization (electrochemistry) / Concentration polarization / Ferroelectricity,0.6408439874649048,0.00786370038986206,automatic_candidate_needs_semantic_review,True,False
direction,TD-2ee39fb605bb,硅碳负极材料与制备,1,126,N0127,Work (physics) / Mechanical engineering / Thermodynamics,0.6225677728652954,0.002108335494995117,automatic_candidate_needs_semantic_review,True,False
direction,TD-2ee39fb605bb,硅碳负极材料与制备,2,86,N0087,Process (computing) / Process engineering / Engineering,0.6204594373703003,0.002108335494995117,automatic_candidate_needs_semantic_review,True,False
direction,TD-2ee39fb605bb,硅碳负极材料与制备,3,491,N0492,Function (biology) / Transfer function / Set (abstract data type),0.6154459714889526,0.002108335494995117,automatic_candidate_needs_semantic_review,True,False
direction,TD-2d3d8bc71b49,锂电石墨负极,1,126,N0127,Work (physics) / Mechanical engineering / Thermodynamics,0.6064828634262085,0.00019317865371704102,automatic_candidate_needs_semantic_review,True,False
direction,TD-2d3d8bc71b49,锂电石墨负极,2,491,N0492,Function (biology) / Transfer function / Set (abstract data type),0.6062896847724915,0.00019317865371704102,automatic_candidate_needs_semantic_review,True,False
direction,TD-2d3d8bc71b49,锂电石墨负极,3,1,N0002,Engineering / Electrical engineering / Computer science,0.6056653261184692,0.00019317865371704102,automatic_candidate_needs_semantic_review,True,False
direction,TD-f483e0d158bc,镁铝钙多价离子电池,1,33,N0034,Battery (electricity) / Lithium-ion battery / Battery pack,0.6013609766960144,0.002907991409301758,automatic_candidate_needs_semantic_review,True,False
direction,TD-f483e0d158bc,镁铝钙多价离子电池,2,60,N0061,Energy storage / Electrochemical energy storage / Process engineering,0.5984529852867126,0.002907991409301758,automatic_candidate_needs_semantic_review,True,False
direction,TD-f483e0d158bc,镁铝钙多价离子电池,3,4,N0005,Optoelectronics / Nanotechnology / Energy conversion efficiency,0.5921964645385742,0.002907991409301758,automatic_candidate_needs_semantic_review,True,False
direction,TD-a1837be6519c,钾离子电池,1,33,N0034,Battery (electricity) / Lithium-ion battery / Battery pack,0.6493169069290161,0.01531970500946045,automatic_candidate_needs_semantic_review,True,False
direction,TD-a1837be6519c,钾离子电池,2,58,N0059,Ion / Ionic bonding / Atomic physics,0.6339972019195557,0.01531970500946045,automatic_candidate_needs_semantic_review,True,False
direction,TD-a1837be6519c,钾离子电池,3,60,N0061,Energy storage / Electrochemical energy storage / Process engineering,0.6313598155975342,0.01531970500946045,automatic_candidate_needs_semantic_review,True,False
direction,TD-4a76729c231c,硫化物固态电解质,1,198,N0199,Chemistry / Organic chemistry / Combinatorial chemistry,0.6392990350723267,0.0035696029663085938,automatic_candidate_needs_semantic_review,True,False
direction,TD-4a76729c231c,硫化物固态电解质,2,0,N0001,Electrochemistry / Chemical engineering / Electrode,0.6357294321060181,0.0035696029663085938,automatic_candidate_needs_semantic_review,True,False
direction,TD-4a76729c231c,硫化物固态电解质,3,228,N0229,Citation / Library science / World Wide Web,0.6213672161102295,0.0035696029663085938,automatic_candidate_needs_semantic_review,True,False
direction,TD-ee7bb1ff2458,废旧电池湿法回收,1,86,N0087,Process (computing) / Process engineering / Engineering,0.6439568400382996,0.0007736682891845703,automatic_candidate_needs_semantic_review,True,False
direction,TD-ee7bb1ff2458,废旧电池湿法回收,2,463,N0464,Service (business) / Marketing / Telecommunications,0.643183171749115,0.0007736682891845703,automatic_candidate_needs_semantic_review,True,False
direction,TD-ee7bb1ff2458,废旧电池湿法回收,3,3,N0004,Environmental science / Waste management / Engineering,0.639175295829773,0.0007736682891845703,automatic_candidate_needs_semantic_review,True,False
direction,TD-85030e485d3d,废旧电池材料直接再生,1,86,N0087,Process (computing) / Process engineering / Engineering,0.6141973733901978,0.0002943873405456543,automatic_candidate_needs_semantic_review,True,False
direction,TD-85030e485d3d,废旧电池材料直接再生,2,357,N0358,Raw material / Biorefinery / Metallurgy,0.6139029860496521,0.0002943873405456543,automatic_candidate_needs_semantic_review,True,False
direction,TD-85030e485d3d,废旧电池材料直接再生,3,491,N0492,Function (biology) / Transfer function / Set (abstract data type),0.6133922338485718,0.0002943873405456543,automatic_candidate_needs_semantic_review,True,False
direction,TD-4e69434758f2,废旧电池拆解与物理分离,1,86,N0087,Process (computing) / Process engineering / Engineering,0.6653653383255005,0.00023555755615234375,automatic_candidate_needs_semantic_review,True,False
direction,TD-4e69434758f2,废旧电池拆解与物理分离,2,126,N0127,Work (physics) / Mechanical engineering / Thermodynamics,0.6651297807693481,0.00023555755615234375,automatic_candidate_needs_semantic_review,True,False
direction,TD-4e69434758f2,废旧电池拆解与物理分离,3,491,N0492,Function (biology) / Transfer function / Set (abstract data type),0.6633412837982178,0.00023555755615234375,automatic_candidate_needs_semantic_review,True,False
direction,TD-794e423a2367,储能容量配置与选址,1,60,N0061,Energy storage / Electrochemical energy storage / Process engineering,0.6614155173301697,0.015275716781616211,automatic_candidate_needs_semantic_review,True,False
direction,TD-794e423a2367,储能容量配置与选址,2,491,N0492,Function (biology) / Transfer function / Set (abstract data type),0.6461398005485535,0.015275716781616211,automatic_candidate_needs_semantic_review,True,False
direction,TD-794e423a2367,储能容量配置与选址,3,253,N0254,Flexibility (engineering) / Environmental economics / Prosumer,0.6457054615020752,0.015275716781616211,automatic_candidate_needs_semantic_review,True,False
direction,TD-059fb53c2985,储能运行调度与收益,1,491,N0492,Function (biology) / Transfer function / Set (abstract data type),0.6662479639053345,0.007301390171051025,automatic_candidate_needs_semantic_review,True,False
direction,TD-059fb53c2985,储能运行调度与收益,2,463,N0464,Service (business) / Marketing / Telecommunications,0.6589465737342834,0.007301390171051025,automatic_candidate_needs_semantic_review,True,False
direction,TD-059fb53c2985,储能运行调度与收益,3,497,N0498,Unit (ring theory) / Mathematics / Power system simulation,0.6575930118560791,0.007301390171051025,automatic_candidate_needs_semantic_review,True,False
direction,TD-00e9b031a3f5,储能系统集成与安全装置,1,424,N0425,Systems engineering / Engineering / Automation,0.6796802282333374,0.007928907871246338,automatic_candidate_needs_semantic_review,True,False
direction,TD-00e9b031a3f5,储能系统集成与安全装置,2,419,N0420,Sequence (biology) / Symmetrical components / Ancient history,0.6717513203620911,0.007928907871246338,automatic_candidate_needs_semantic_review,True,False
direction,TD-00e9b031a3f5,储能系统集成与安全装置,3,497,N0498,Unit (ring theory) / Mathematics / Power system simulation,0.6693165302276611,0.007928907871246338,automatic_candidate_needs_semantic_review,True,False
direction,TD-cd7b7bbddc73,钙钛矿叠层太阳能电池,1,130,N0131,Solar energy / Solar power / Photovoltaic thermal hybrid solar collector,0.633364200592041,0.010071635246276855,automatic_candidate_needs_semantic_review,True,False
direction,TD-cd7b7bbddc73,钙钛矿叠层太阳能电池,2,207,N0208,Photovoltaics / Grid parity / Commercialization,0.6232925653457642,0.010071635246276855,automatic_candidate_needs_semantic_review,True,False
direction,TD-cd7b7bbddc73,钙钛矿叠层太阳能电池,3,16,N0017,Photovoltaic system / Electrical engineering / Maximum power point tracking,0.5997709035873413,0.010071635246276855,automatic_candidate_needs_semantic_review,True,False
direction,TD-2a1e47b3ac00,钙钛矿电池界面、钝化与传输层,1,423,N0424,Interface (matter) / Graphical user interface / User interface,0.6342506408691406,0.017087101936340332,automatic_candidate_needs_semantic_review,True,False
direction,TD-2a1e47b3ac00,钙钛矿电池界面、钝化与传输层,2,305,N0306,Core (optical fiber) / Shell (structure) / Magnetic core,0.6171635389328003,0.017087101936340332,automatic_candidate_needs_semantic_review,True,False
direction,TD-2a1e47b3ac00,钙钛矿电池界面、钝化与传输层,3,95,N0096,Nuclear engineering / Fusion power / Blanket,0.6163948178291321,0.017087101936340332,automatic_candidate_needs_semantic_review,True,False
direction,TD-11355bb229b9,钙钛矿吸收层结晶与成膜,1,285,N0286,Tungsten / Metallurgy / Tungsten carbide,0.5905742645263672,0.0008399486541748047,automatic_candidate_needs_semantic_review,True,False
direction,TD-11355bb229b9,钙钛矿吸收层结晶与成膜,2,369,N0370,Carbonation / Sorbent / Flue gas,0.5897343158721924,0.0008399486541748047,automatic_candidate_needs_semantic_review,True,False
direction,TD-11355bb229b9,钙钛矿吸收层结晶与成膜,3,183,N0184,Sorption / Sorbent / Chemistry,0.5861968398094177,0.0008399486541748047,automatic_candidate_needs_semantic_review,True,False
direction,TD-69b1a46da667,钙钛矿电池稳定性与衰减,1,126,N0127,Work (physics) / Mechanical engineering / Thermodynamics,0.615756094455719,0.003509044647216797,automatic_candidate_needs_semantic_review,True,False
direction,TD-69b1a46da667,钙钛矿电池稳定性与衰减,2,491,N0492,Function (biology) / Transfer function / Set (abstract data type),0.6122470498085022,0.003509044647216797,automatic_candidate_needs_semantic_review,True,False
direction,TD-69b1a46da667,钙钛矿电池稳定性与衰减,3,60,N0061,Energy storage / Electrochemical energy storage / Process engineering,0.6116973161697388,0.003509044647216797,automatic_candidate_needs_semantic_review,True,False
direction,TD-686d000ebfcd,聚合物有机太阳能电池,1,130,N0131,Solar energy / Solar power / Photovoltaic thermal hybrid solar collector,0.6805577278137207,0.0019094347953796387,automatic_candidate_needs_semantic_review,True,False
direction,TD-686d000ebfcd,聚合物有机太阳能电池,2,207,N0208,Photovoltaics / Grid parity / Commercialization,0.6786482930183411,0.0019094347953796387,automatic_candidate_needs_semantic_review,True,False
direction,TD-686d000ebfcd,聚合物有机太阳能电池,3,81,N0082,Organic solar cell / Polymer solar cell / Energy conversion efficiency,0.678394615650177,0.0019094347953796387,automatic_candidate_needs_semantic_review,True,False
direction,TD-7dbb9a01f03f,小分子有机太阳能电池,1,81,N0082,Organic solar cell / Polymer solar cell / Energy conversion efficiency,0.676571249961853,0.0039702653884887695,automatic_candidate_needs_semantic_review,True,False
direction,TD-7dbb9a01f03f,小分子有机太阳能电池,2,130,N0131,Solar energy / Solar power / Photovoltaic thermal hybrid solar collector,0.6726009845733643,0.0039702653884887695,automatic_candidate_needs_semantic_review,True,False
direction,TD-7dbb9a01f03f,小分子有机太阳能电池,3,207,N0208,Photovoltaics / Grid parity / Commercialization,0.6682550311088562,0.0039702653884887695,automatic_candidate_needs_semantic_review,True,False
direction,TD-622c07812fd2,有机光伏印刷与规模制造,1,118,N0119,Production (economics) / Payback period / Engineering,0.6397884488105774,0.0015789270401000977,automatic_candidate_needs_semantic_review,True,False
direction,TD-622c07812fd2,有机光伏印刷与规模制造,2,207,N0208,Photovoltaics / Grid parity / Commercialization,0.6382095217704773,0.0015789270401000977,automatic_candidate_needs_semantic_review,True,False
direction,TD-622c07812fd2,有机光伏印刷与规模制造,3,86,N0087,Process (computing) / Process engineering / Engineering,0.6308221817016602,0.0015789270401000977,automatic_candidate_needs_semantic_review,True,False
direction,TD-a94fd8727007,染料敏化电池光阳极,1,4,N0005,Optoelectronics / Nanotechnology / Energy conversion efficiency,0.620842695236206,0.0034726858139038086,automatic_candidate_needs_semantic_review,True,False
direction,TD-a94fd8727007,染料敏化电池光阳极,2,333,N0334,Electronics / Power electronics / Organic electronics,0.6173700094223022,0.0034726858139038086,automatic_candidate_needs_semantic_review,True,False
direction,TD-a94fd8727007,染料敏化电池光阳极,3,491,N0492,Function (biology) / Transfer function / Set (abstract data type),0.6167044639587402,0.0034726858139038086,automatic_candidate_needs_semantic_review,True,False
direction,TD-1850e229d2bf,染料敏化电池对电极,1,33,N0034,Battery (electricity) / Lithium-ion battery / Battery pack,0.6369525194168091,0.007166922092437744,automatic_candidate_needs_semantic_review,True,False
direction,TD-1850e229d2bf,染料敏化电池对电极,2,333,N0334,Electronics / Power electronics / Organic electronics,0.6297855973243713,0.007166922092437744,automatic_candidate_needs_semantic_review,True,False
direction,TD-1850e229d2bf,染料敏化电池对电极,3,1,N0002,Engineering / Electrical engineering / Computer science,0.6241883039474487,0.007166922092437744,automatic_candidate_needs_semantic_review,True,False
direction,TD-a712282d9582,染料敏化电池敏化剂,1,198,N0199,Chemistry / Organic chemistry / Combinatorial chemistry,0.6061512231826782,0.0004819631576538086,automatic_candidate_needs_semantic_review,True,False
direction,TD-a712282d9582,染料敏化电池敏化剂,2,491,N0492,Function (biology) / Transfer function / Set (abstract data type),0.6056692600250244,0.0004819631576538086,automatic_candidate_needs_semantic_review,True,False
direction,TD-a712282d9582,染料敏化电池敏化剂,3,143,N0144,Biochemical engineering / Context (archaeology) / Solar cell,0.6055936813354492,0.0004819631576538086,automatic_candidate_needs_semantic_review,True,False
direction,TD-e62bb06d9637,光伏组件故障与缺陷检测,1,491,N0492,Function (biology) / Transfer function / Set (abstract data type),0.644927978515625,0.000908970832824707,automatic_candidate_needs_semantic_review,True,False
direction,TD-e62bb06d9637,光伏组件故障与缺陷检测,2,424,N0425,Systems engineering / Engineering / Automation,0.6440190076828003,0.000908970832824707,automatic_candidate_needs_semantic_review,True,False
direction,TD-e62bb06d9637,光伏组件故障与缺陷检测,3,419,N0420,Sequence (biology) / Symmetrical components / Ancient history,0.6422103643417358,0.000908970832824707,automatic_candidate_needs_semantic_review,True,False
direction,TD-04d0b120756b,光伏组件退化与寿命,1,491,N0492,Function (biology) / Transfer function / Set (abstract data type),0.630663275718689,0.0005795955657958984,automatic_candidate_needs_semantic_review,True,False
direction,TD-04d0b120756b,光伏组件退化与寿命,2,16,N0017,Photovoltaic system / Electrical engineering / Maximum power point tracking,0.6300836801528931,0.0005795955657958984,automatic_candidate_needs_semantic_review,True,False
direction,TD-04d0b120756b,光伏组件退化与寿命,3,126,N0127,Work (physics) / Mechanical engineering / Thermodynamics,0.6299607753753662,0.0005795955657958984,automatic_candidate_needs_semantic_review,True,False
direction,TD-c57e426fb8bf,光伏电池与组件模型参数辨识,1,495,N0496,Component (thermodynamics) / Oxidizing agent / Principal component analysis,0.6631399989128113,0.0038179755210876465,automatic_candidate_needs_semantic_review,True,False
direction,TD-c57e426fb8bf,光伏电池与组件模型参数辨识,2,491,N0492,Function (biology) / Transfer function / Set (abstract data type),0.6593220233917236,0.0038179755210876465,automatic_candidate_needs_semantic_review,True,False
direction,TD-c57e426fb8bf,光伏电池与组件模型参数辨识,3,424,N0425,Systems engineering / Engineering / Automation,0.6560626029968262,0.0038179755210876465,automatic_candidate_needs_semantic_review,True,False
direction,TD-6a226f86c8b1,光伏发电功率预测方法与装置,1,39,N0040,Electricity generation / Cost of electricity by source / Power (physics),0.6576546430587769,0.0038674473762512207,automatic_candidate_needs_semantic_review,True,False
direction,TD-6a226f86c8b1,光伏发电功率预测方法与装置,2,491,N0492,Function (biology) / Transfer function / Set (abstract data type),0.6537871956825256,0.0038674473762512207,automatic_candidate_needs_semantic_review,True,False
direction,TD-6a226f86c8b1,光伏发电功率预测方法与装置,3,413,N0414,Power station / Thermal power station / Combined cycle,0.6484401226043701,0.0038674473762512207,automatic_candidate_needs_semantic_review,True,False
direction,TD-99feecd29652,太阳辐照度预测估算,1,130,N0131,Solar energy / Solar power / Photovoltaic thermal hybrid solar collector,0.6493052840232849,0.004057824611663818,automatic_candidate_needs_semantic_review,True,False
direction,TD-99feecd29652,太阳辐照度预测估算,2,302,N0303,Irradiance / Remote sensing / Solar irradiance,0.6452474594116211,0.004057824611663818,automatic_candidate_needs_semantic_review,True,False
direction,TD-99feecd29652,太阳辐照度预测估算,3,465,N0466,Radiation / Optics / Atmospheric sciences,0.6398455500602722,0.004057824611663818,automatic_candidate_needs_semantic_review,True,False
direction,TD-8c4aa3e7ccd3,太阳辐射测量与仪器,1,130,N0131,Solar energy / Solar power / Photovoltaic thermal hybrid solar collector,0.6527940034866333,0.0021554231643676758,automatic_candidate_needs_semantic_review,True,False
direction,TD-8c4aa3e7ccd3,太阳辐射测量与仪器,2,465,N0466,Radiation / Optics / Atmospheric sciences,0.6506385803222656,0.0021554231643676758,automatic_candidate_needs_semantic_review,True,False
direction,TD-8c4aa3e7ccd3,太阳辐射测量与仪器,3,302,N0303,Irradiance / Remote sensing / Solar irradiance,0.6439077854156494,0.0021554231643676758,automatic_candidate_needs_semantic_review,True,False
direction,TD-aa543176cdd2,屋顶与分布式光伏部署,1,309,N0310,Architectural engineering / Civil engineering / Zero-energy building,0.6325315237045288,0.0004849433898925781,automatic_candidate_needs_semantic_review,True,False
direction,TD-aa543176cdd2,屋顶与分布式光伏部署,2,424,N0425,Systems engineering / Engineering / Automation,0.6320465803146362,0.0004849433898925781,automatic_candidate_needs_semantic_review,True,False
direction,TD-aa543176cdd2,屋顶与分布式光伏部署,3,244,N0245,Distributed generation / Distributed computing / Stand-alone power system,0.6293243169784546,0.0004849433898925781,automatic_candidate_needs_semantic_review,True,False
direction,TD-e128010c582d,农光互补与农光协同,1,424,N0425,Systems engineering / Engineering / Automation,0.6354548335075378,0.0036891698837280273,automatic_candidate_needs_semantic_review,True,False
direction,TD-e128010c582d,农光互补与农光协同,2,491,N0492,Function (biology) / Transfer function / Set (abstract data type),0.6317656636238098,0.0036891698837280273,automatic_candidate_needs_semantic_review,True,False
direction,TD-e128010c582d,农光互补与农光协同,3,130,N0131,Solar energy / Solar power / Photovoltaic thermal hybrid solar collector,0.6266235709190369,0.0036891698837280273,automatic_candidate_needs_semantic_review,True,False
direction,TD-f11a697278f3,光伏光热联合系统,1,130,N0131,Solar energy / Solar power / Photovoltaic thermal hybrid solar collector,0.6637399196624756,0.010497570037841797,automatic_candidate_needs_semantic_review,True,False
direction,TD-f11a697278f3,光伏光热联合系统,2,497,N0498,Unit (ring theory) / Mathematics / Power system simulation,0.6532423496246338,0.010497570037841797,automatic_candidate_needs_semantic_review,True,False
direction,TD-f11a697278f3,光伏光热联合系统,3,16,N0017,Photovoltaic system / Electrical engineering / Maximum power point tracking,0.651137113571167,0.010497570037841797,automatic_candidate_needs_semantic_review,True,False
direction,TD-3d8b6d138aa1,太阳能集热器传热设计,1,130,N0131,Solar energy / Solar power / Photovoltaic thermal hybrid solar collector,0.6741746068000793,0.03320956230163574,automatic_candidate_needs_semantic_review,True,False
direction,TD-3d8b6d138aa1,太阳能集热器传热设计,2,165,N0166,Thermal / Process engineering / Mechanical engineering,0.6409650444984436,0.03320956230163574,automatic_candidate_needs_semantic_review,True,False
direction,TD-3d8b6d138aa1,太阳能集热器传热设计,3,309,N0310,Architectural engineering / Civil engineering / Zero-energy building,0.6384369134902954,0.03320956230163574,automatic_candidate_needs_semantic_review,True,False
direction,TD-23b03b9a1c95,聚光太阳能热发电,1,130,N0131,Solar energy / Solar power / Photovoltaic thermal hybrid solar collector,0.696509063243866,0.04382026195526123,automatic_candidate_needs_semantic_review,True,False
direction,TD-23b03b9a1c95,聚光太阳能热发电,2,207,N0208,Photovoltaics / Grid parity / Commercialization,0.6526888012886047,0.04382026195526123,automatic_candidate_needs_semantic_review,True,False
direction,TD-23b03b9a1c95,聚光太阳能热发电,3,39,N0040,Electricity generation / Cost of electricity by source / Power (physics),0.6526859998703003,0.04382026195526123,automatic_candidate_needs_semantic_review,True,False
direction,TD-44132ecdb0ad,太阳能热水与供热装置,1,130,N0131,Solar energy / Solar power / Photovoltaic thermal hybrid solar collector,0.6694400906562805,0.02344423532485962,automatic_candidate_needs_semantic_review,True,False
direction,TD-44132ecdb0ad,太阳能热水与供热装置,2,413,N0414,Power station / Thermal power station / Combined cycle,0.6459958553314209,0.02344423532485962,automatic_candidate_needs_semantic_review,True,False
direction,TD-44132ecdb0ad,太阳能热水与供热装置,3,441,N0442,Heat pump / Coefficient of performance / Air source heat pumps,0.6452040672302246,0.02344423532485962,automatic_candidate_needs_semantic_review,True,False
direction,TD-5713ccfba6a3,光伏电池与组件制造工艺,1,424,N0425,Systems engineering / Engineering / Automation,0.6528320908546448,0.008326709270477295,automatic_candidate_needs_semantic_review,True,False
direction,TD-5713ccfba6a3,光伏电池与组件制造工艺,2,126,N0127,Work (physics) / Mechanical engineering / Thermodynamics,0.6445053815841675,0.008326709270477295,automatic_candidate_needs_semantic_review,True,False
direction,TD-5713ccfba6a3,光伏电池与组件制造工艺,3,118,N0119,Production (economics) / Payback period / Engineering,0.6441360116004944,0.008326709270477295,automatic_candidate_needs_semantic_review,True,False
direction,TD-9bfca00aed6a,非钙钛矿多结太阳能电池,1,130,N0131,Solar energy / Solar power / Photovoltaic thermal hybrid solar collector,0.6229432821273804,0.006743788719177246,automatic_candidate_needs_semantic_review,True,False
direction,TD-9bfca00aed6a,非钙钛矿多结太阳能电池,2,207,N0208,Photovoltaics / Grid parity / Commercialization,0.6161994934082031,0.006743788719177246,automatic_candidate_needs_semantic_review,True,False
direction,TD-9bfca00aed6a,非钙钛矿多结太阳能电池,3,128,N0129,Solar cell / Solar cell efficiency / Copper indium gallium selenide solar cells,0.6010173559188843,0.006743788719177246,automatic_candidate_needs_semantic_review,True,False
direction,TD-0f14b93ac103,光催化制氢,1,143,N0144,Biochemical engineering / Context (archaeology) / Solar cell,0.6424910426139832,0.007301270961761475,automatic_candidate_needs_semantic_review,True,False
direction,TD-0f14b93ac103,光催化制氢,2,118,N0119,Production (economics) / Payback period / Engineering,0.6351897716522217,0.007301270961761475,automatic_candidate_needs_semantic_review,True,False
direction,TD-0f14b93ac103,光催化制氢,3,198,N0199,Chemistry / Organic chemistry / Combinatorial chemistry,0.6262809634208679,0.007301270961761475,automatic_candidate_needs_semantic_review,True,False
direction,TD-6612e08f12a2,光生物制氢,1,143,N0144,Biochemical engineering / Context (archaeology) / Solar cell,0.6431022882461548,0.007296621799468994,automatic_candidate_needs_semantic_review,True,False
direction,TD-6612e08f12a2,光生物制氢,2,118,N0119,Production (economics) / Payback period / Engineering,0.6358056664466858,0.007296621799468994,automatic_candidate_needs_semantic_review,True,False
direction,TD-6612e08f12a2,光生物制氢,3,390,N0391,Fermentation / Biohydrogen / Food science,0.6282196044921875,0.007296621799468994,automatic_candidate_needs_semantic_review,True,False
direction,TD-23250fd6d8f2,光催化二氧化碳还原,1,143,N0144,Biochemical engineering / Context (archaeology) / Solar cell,0.6471859812736511,0.012168586254119873,automatic_candidate_needs_semantic_review,True,False
direction,TD-23250fd6d8f2,光催化二氧化碳还原,2,198,N0199,Chemistry / Organic chemistry / Combinatorial chemistry,0.6350173950195312,0.012168586254119873,automatic_candidate_needs_semantic_review,True,False
direction,TD-23250fd6d8f2,光催化二氧化碳还原,3,204,N0205,Carbon dioxide / Carbon sequestration / Electrochemical reduction of carbon dioxide,0.6333481073379517,0.012168586254119873,automatic_candidate_needs_semantic_review,True,False
direction,TD-c3203181d93d,TiO₂光催化污染物降解,1,466,N0467,Rutile / Chemical engineering / Ilmenite,0.6557130813598633,2.7120113372802734e-05,automatic_candidate_needs_semantic_review,True,False
direction,TD-c3203181d93d,TiO₂光催化污染物降解,2,51,N0052,Anatase / Brookite / Nanotechnology,0.6556859612464905,2.7120113372802734e-05,automatic_candidate_needs_semantic_review,True,False
direction,TD-c3203181d93d,TiO₂光催化污染物降解,3,234,N0235,Titanium dioxide / Titanium / Titanium oxide,0.6475427150726318,2.7120113372802734e-05,automatic_candidate_needs_semantic_review,True,False
direction,TD-27832e21c62f,ZnO光催化污染物降解,1,467,N0468,Pollutant / Environmental remediation / Pollution,0.6592384576797485,0.018243908882141113,automatic_candidate_needs_semantic_review,True,False
direction,TD-27832e21c62f,ZnO光催化污染物降解,2,63,N0064,Degradation (telecommunications) / Chemical engineering / Radical,0.6409945487976074,0.018243908882141113,automatic_candidate_needs_semantic_review,True,False
direction,TD-27832e21c62f,ZnO光催化污染物降解,3,143,N0144,Biochemical engineering / Context (archaeology) / Solar cell,0.6343098878860474,0.018243908882141113,automatic_candidate_needs_semantic_review,True,False
direction,TD-990978e729ed,其他材料光催化污染物降解,1,143,N0144,Biochemical engineering / Context (archaeology) / Solar cell,0.6517059206962585,0.006670057773590088,automatic_candidate_needs_semantic_review,True,False
direction,TD-990978e729ed,其他材料光催化污染物降解,2,467,N0468,Pollutant / Environmental remediation / Pollution,0.6450358629226685,0.006670057773590088,automatic_candidate_needs_semantic_review,True,False
direction,TD-990978e729ed,其他材料光催化污染物降解,3,126,N0127,Work (physics) / Mechanical engineering / Thermodynamics,0.6446436643600464,0.006670057773590088,automatic_candidate_needs_semantic_review,True,False
direction,TD-e5263e8d01df,半导体光电化学水分解,1,80,N0081,Water splitting / Photocatalytic water splitting / Photoelectrochemistry,0.6713113784790039,0.006539642810821533,automatic_candidate_needs_semantic_review,True,False
direction,TD-e5263e8d01df,半导体光电化学水分解,2,143,N0144,Biochemical engineering / Context (archaeology) / Solar cell,0.6647717356681824,0.006539642810821533,automatic_candidate_needs_semantic_review,True,False
direction,TD-e5263e8d01df,半导体光电化学水分解,3,198,N0199,Chemistry / Organic chemistry / Combinatorial chemistry,0.6513357162475586,0.006539642810821533,automatic_candidate_needs_semantic_review,True,False
direction,TD-cdfac0fb0d6b,电催化析氢与界面调控,1,423,N0424,Interface (matter) / Graphical user interface / User interface,0.6463823914527893,0.0025221705436706543,automatic_candidate_needs_semantic_review,True,False
direction,TD-cdfac0fb0d6b,电催化析氢与界面调控,2,143,N0144,Biochemical engineering / Context (archaeology) / Solar cell,0.6438602209091187,0.0025221705436706543,automatic_candidate_needs_semantic_review,True,False
direction,TD-cdfac0fb0d6b,电催化析氢与界面调控,3,198,N0199,Chemistry / Organic chemistry / Combinatorial chemistry,0.6405915021896362,0.0025221705436706543,automatic_candidate_needs_semantic_review,True,False
direction,TD-4ae1d866567b,电解水析氧催化,1,143,N0144,Biochemical engineering / Context (archaeology) / Solar cell,0.6261227130889893,0.011469244956970215,automatic_candidate_needs_semantic_review,True,False
direction,TD-4ae1d866567b,电解水析氧催化,2,198,N0199,Chemistry / Organic chemistry / Combinatorial chemistry,0.614653468132019,0.011469244956970215,automatic_candidate_needs_semantic_review,True,False
direction,TD-4ae1d866567b,电解水析氧催化,3,229,N0230,Catalysis / Bifunctional / Organic chemistry,0.6123117208480835,0.011469244956970215,automatic_candidate_needs_semantic_review,True,False
direction,TD-83f3be2d220b,非贵金属氧还原电催化材料,1,333,N0334,Electronics / Power electronics / Organic electronics,0.6453027725219727,0.0002745389938354492,automatic_candidate_needs_semantic_review,True,False
direction,TD-83f3be2d220b,非贵金属氧还原电催化材料,2,4,N0005,Optoelectronics / Nanotechnology / Energy conversion efficiency,0.6450282335281372,0.0002745389938354492,automatic_candidate_needs_semantic_review,True,False
direction,TD-83f3be2d220b,非贵金属氧还原电催化材料,3,198,N0199,Chemistry / Organic chemistry / Combinatorial chemistry,0.6420168876647949,0.0002745389938354492,automatic_candidate_needs_semantic_review,True,False
direction,TD-03fabc429504,整体电催化水分解,1,143,N0144,Biochemical engineering / Context (archaeology) / Solar cell,0.6584386229515076,0.013302266597747803,automatic_candidate_needs_semantic_review,True,False
direction,TD-03fabc429504,整体电催化水分解,2,86,N0087,Process (computing) / Process engineering / Engineering,0.6451363563537598,0.013302266597747803,automatic_candidate_needs_semantic_review,True,False
direction,TD-03fabc429504,整体电催化水分解,3,126,N0127,Work (physics) / Mechanical engineering / Thermodynamics,0.6431945562362671,0.013302266597747803,automatic_candidate_needs_semantic_review,True,False
direction,TD-f3c8506f53f3,二氧化碳电还原催化,1,143,N0144,Biochemical engineering / Context (archaeology) / Solar cell,0.6574296951293945,0.00874704122543335,automatic_candidate_needs_semantic_review,True,False
direction,TD-f3c8506f53f3,二氧化碳电还原催化,2,0,N0001,Electrochemistry / Chemical engineering / Electrode,0.6486826539039612,0.00874704122543335,automatic_candidate_needs_semantic_review,True,False
direction,TD-f3c8506f53f3,二氧化碳电还原催化,3,125,N0126,Reduction (mathematics) / Mathematics / Oxygen reduction reaction,0.6474811434745789,0.00874704122543335,automatic_candidate_needs_semantic_review,True,False
direction,TD-4e5ee02adb9f,二氧化碳催化加氢与甲烷化,1,229,N0230,Catalysis / Bifunctional / Organic chemistry,0.6604195833206177,0.0035161972045898438,automatic_candidate_needs_semantic_review,True,False
direction,TD-4e5ee02adb9f,二氧化碳催化加氢与甲烷化,2,143,N0144,Biochemical engineering / Context (archaeology) / Solar cell,0.6569033861160278,0.0035161972045898438,automatic_candidate_needs_semantic_review,True,False
direction,TD-4e5ee02adb9f,二氧化碳催化加氢与甲烷化,3,204,N0205,Carbon dioxide / Carbon sequestration / Electrochemical reduction of carbon dioxide,0.652000904083252,0.0035161972045898438,automatic_candidate_needs_semantic_review,True,False
direction,TD-8dbb24c80ff3,氮气电还原制氨,1,491,N0492,Function (biology) / Transfer function / Set (abstract data type),0.6295053958892822,0.00022393465042114258,automatic_candidate_needs_semantic_review,True,False
direction,TD-8dbb24c80ff3,氮气电还原制氨,2,126,N0127,Work (physics) / Mechanical engineering / Thermodynamics,0.6292814612388611,0.00022393465042114258,automatic_candidate_needs_semantic_review,True,False
direction,TD-8dbb24c80ff3,氮气电还原制氨,3,143,N0144,Biochemical engineering / Context (archaeology) / Solar cell,0.6286422610282898,0.00022393465042114258,automatic_candidate_needs_semantic_review,True,False
direction,TD-b8f4f96e0ce7,硝酸盐电还原制氨,1,491,N0492,Function (biology) / Transfer function / Set (abstract data type),0.6278821229934692,0.0012383460998535156,automatic_candidate_needs_semantic_review,True,False
direction,TD-b8f4f96e0ce7,硝酸盐电还原制氨,2,126,N0127,Work (physics) / Mechanical engineering / Thermodynamics,0.6266437768936157,0.0012383460998535156,automatic_candidate_needs_semantic_review,True,False
direction,TD-b8f4f96e0ce7,硝酸盐电还原制氨,3,419,N0420,Sequence (biology) / Symmetrical components / Ancient history,0.6212438344955444,0.0012383460998535156,automatic_candidate_needs_semantic_review,True,False
direction,TD-78d13348ef87,碱性水电解制氢,1,143,N0144,Biochemical engineering / Context (archaeology) / Solar cell,0.6543787121772766,0.0049703121185302734,automatic_candidate_needs_semantic_review,True,False
direction,TD-78d13348ef87,碱性水电解制氢,2,198,N0199,Chemistry / Organic chemistry / Combinatorial chemistry,0.6494084000587463,0.0049703121185302734,automatic_candidate_needs_semantic_review,True,False
direction,TD-78d13348ef87,碱性水电解制氢,3,0,N0001,Electrochemistry / Chemical engineering / Electrode,0.6485404968261719,0.0049703121185302734,automatic_candidate_needs_semantic_review,True,False
direction,TD-acd801446a69,质子交换膜水电解制氢,1,143,N0144,Biochemical engineering / Context (archaeology) / Solar cell,0.6575160026550293,0.002634882926940918,automatic_candidate_needs_semantic_review,True,False
direction,TD-acd801446a69,质子交换膜水电解制氢,2,0,N0001,Electrochemistry / Chemical engineering / Electrode,0.6548811197280884,0.002634882926940918,automatic_candidate_needs_semantic_review,True,False
direction,TD-acd801446a69,质子交换膜水电解制氢,3,198,N0199,Chemistry / Organic chemistry / Combinatorial chemistry,0.6524436473846436,0.002634882926940918,automatic_candidate_needs_semantic_review,True,False
direction,TD-bf9fe8f6a879,蒸汽重整制氢与合成气,1,143,N0144,Biochemical engineering / Context (archaeology) / Solar cell,0.6549726724624634,0.0016129016876220703,automatic_candidate_needs_semantic_review,True,False
direction,TD-bf9fe8f6a879,蒸汽重整制氢与合成气,2,126,N0127,Work (physics) / Mechanical engineering / Thermodynamics,0.6533597707748413,0.0016129016876220703,automatic_candidate_needs_semantic_review,True,False
direction,TD-bf9fe8f6a879,蒸汽重整制氢与合成气,3,86,N0087,Process (computing) / Process engineering / Engineering,0.6502377986907959,0.0016129016876220703,automatic_candidate_needs_semantic_review,True,False
direction,TD-785edc80c8a0,二氧化碳干重整制合成气,1,143,N0144,Biochemical engineering / Context (archaeology) / Solar cell,0.6481767892837524,0.00026595592498779297,automatic_candidate_needs_semantic_review,True,False
direction,TD-785edc80c8a0,二氧化碳干重整制合成气,2,198,N0199,Chemistry / Organic chemistry / Combinatorial chemistry,0.6479108333587646,0.00026595592498779297,automatic_candidate_needs_semantic_review,True,False
direction,TD-785edc80c8a0,二氧化碳干重整制合成气,3,204,N0205,Carbon dioxide / Carbon sequestration / Electrochemical reduction of carbon dioxide,0.6434447765350342,0.00026595592498779297,automatic_candidate_needs_semantic_review,True,False
direction,TD-03bf27b8f00f,氢能供应链与基础设施规划,1,463,N0464,Service (business) / Marketing / Telecommunications,0.656461238861084,0.012355685234069824,automatic_candidate_needs_semantic_review,True,False
direction,TD-03bf27b8f00f,氢能供应链与基础设施规划,2,331,N0332,Key (lock) / Process management / Sustainable energy,0.6441055536270142,0.012355685234069824,automatic_candidate_needs_semantic_review,True,False
direction,TD-03bf27b8f00f,氢能供应链与基础设施规划,3,424,N0425,Systems engineering / Engineering / Automation,0.6418507099151611,0.012355685234069824,automatic_candidate_needs_semantic_review,True,False
direction,TD-c1448e0818db,加氢站与氢气加注,1,497,N0498,Unit (ring theory) / Mathematics / Power system simulation,0.6296800971031189,0.0021685361862182617,automatic_candidate_needs_semantic_review,True,False
direction,TD-c1448e0818db,加氢站与氢气加注,2,463,N0464,Service (business) / Marketing / Telecommunications,0.6275115609169006,0.0021685361862182617,automatic_candidate_needs_semantic_review,True,False
direction,TD-c1448e0818db,加氢站与氢气加注,3,126,N0127,Work (physics) / Mechanical engineering / Thermodynamics,0.6269360780715942,0.0021685361862182617,automatic_candidate_needs_semantic_review,True,False
direction,TD-a28940cce132,固态储氢材料与反应器,1,198,N0199,Chemistry / Organic chemistry / Combinatorial chemistry,0.6503203511238098,0.004013955593109131,automatic_candidate_needs_semantic_review,True,False
direction,TD-a28940cce132,固态储氢材料与反应器,2,60,N0061,Energy storage / Electrochemical energy storage / Process engineering,0.6463063955307007,0.004013955593109131,automatic_candidate_needs_semantic_review,True,False
direction,TD-a28940cce132,固态储氢材料与反应器,3,143,N0144,Biochemical engineering / Context (archaeology) / Solar cell,0.645750880241394,0.004013955593109131,automatic_candidate_needs_semantic_review,True,False
direction,TD-011c7e164b21,质子交换膜燃料电池运行与建模,1,212,N0213,Fuel cells / Activation energy / Hydrogen fuel,0.6803680062294006,0.0068610310554504395,automatic_candidate_needs_semantic_review,True,False
direction,TD-011c7e164b21,质子交换膜燃料电池运行与建模,2,126,N0127,Work (physics) / Mechanical engineering / Thermodynamics,0.6735069751739502,0.0068610310554504395,automatic_candidate_needs_semantic_review,True,False
direction,TD-011c7e164b21,质子交换膜燃料电池运行与建模,3,400,N0401,Stack (abstract data type) / Volumetric flow rate / Direct methanol fuel cell,0.6733874082565308,0.0068610310554504395,automatic_candidate_needs_semantic_review,True,False
direction,TD-e9d8649e670f,固体氧化物燃料电池,1,212,N0213,Fuel cells / Activation energy / Hydrogen fuel,0.6475946307182312,0.0060811638832092285,automatic_candidate_needs_semantic_review,True,False
direction,TD-e9d8649e670f,固体氧化物燃料电池,2,60,N0061,Energy storage / Electrochemical energy storage / Process engineering,0.641513466835022,0.0060811638832092285,automatic_candidate_needs_semantic_review,True,False
direction,TD-e9d8649e670f,固体氧化物燃料电池,3,344,N0345,Solid oxide fuel cell / Power density / Thermal expansion,0.635830283164978,0.0060811638832092285,automatic_candidate_needs_semantic_review,True,False
direction,TD-56426a787b11,固体氧化物电解池与可逆电化学单元,1,198,N0199,Chemistry / Organic chemistry / Combinatorial chemistry,0.6536943912506104,2.47955322265625e-05,automatic_candidate_needs_semantic_review,True,False
direction,TD-56426a787b11,固体氧化物电解池与可逆电化学单元,2,0,N0001,Electrochemistry / Chemical engineering / Electrode,0.6536695957183838,2.47955322265625e-05,automatic_candidate_needs_semantic_review,True,False
direction,TD-56426a787b11,固体氧化物电解池与可逆电化学单元,3,143,N0144,Biochemical engineering / Context (archaeology) / Solar cell,0.6455382108688354,2.47955322265625e-05,automatic_candidate_needs_semantic_review,True,False
direction,TD-5ae2fa50cead,燃料电池水管理,1,463,N0464,Service (business) / Marketing / Telecommunications,0.6628146767616272,0.004210293292999268,automatic_candidate_needs_semantic_review,True,False
direction,TD-5ae2fa50cead,燃料电池水管理,2,424,N0425,Systems engineering / Engineering / Automation,0.6586043834686279,0.004210293292999268,automatic_candidate_needs_semantic_review,True,False
direction,TD-5ae2fa50cead,燃料电池水管理,3,497,N0498,Unit (ring theory) / Mathematics / Power system simulation,0.6585251092910767,0.004210293292999268,automatic_candidate_needs_semantic_review,True,False
direction,TD-97b535e60e5c,燃料电池供气与空压控制,1,497,N0498,Unit (ring theory) / Mathematics / Power system simulation,0.651789665222168,0.0017321109771728516,automatic_candidate_needs_semantic_review,True,False
direction,TD-97b535e60e5c,燃料电池供气与空压控制,2,491,N0492,Function (biology) / Transfer function / Set (abstract data type),0.6500575542449951,0.0017321109771728516,automatic_candidate_needs_semantic_review,True,False
direction,TD-97b535e60e5c,燃料电池供气与空压控制,3,195,N0196,Control (management) / Control engineering / Control system,0.6499522924423218,0.0017321109771728516,automatic_candidate_needs_semantic_review,True,False
direction,TD-1ead98167fd3,燃料电池质子交换膜,1,212,N0213,Fuel cells / Activation energy / Hydrogen fuel,0.6735540628433228,0.011268377304077148,automatic_candidate_needs_semantic_review,True,False
direction,TD-1ead98167fd3,燃料电池质子交换膜,2,400,N0401,Stack (abstract data type) / Volumetric flow rate / Direct methanol fuel cell,0.6622856855392456,0.011268377304077148,automatic_candidate_needs_semantic_review,True,False
direction,TD-1ead98167fd3,燃料电池质子交换膜,3,33,N0034,Battery (electricity) / Lithium-ion battery / Battery pack,0.6551722884178162,0.011268377304077148,automatic_candidate_needs_semantic_review,True,False
direction,TD-e91d58668023,过硫酸盐活化与高级氧化,1,198,N0199,Chemistry / Organic chemistry / Combinatorial chemistry,0.6381756067276001,0.0007997751235961914,automatic_candidate_needs_semantic_review,True,False
direction,TD-e91d58668023,过硫酸盐活化与高级氧化,2,143,N0144,Biochemical engineering / Context (archaeology) / Solar cell,0.6373758316040039,0.0007997751235961914,automatic_candidate_needs_semantic_review,True,False
direction,TD-e91d58668023,过硫酸盐活化与高级氧化,3,86,N0087,Process (computing) / Process engineering / Engineering,0.6330547332763672,0.0007997751235961914,automatic_candidate_needs_semantic_review,True,False
direction,TD-bb3dcdb02348,二氧化碳溶剂吸收捕集,1,204,N0205,Carbon dioxide / Carbon sequestration / Electrochemical reduction of carbon dioxide,0.6570197343826294,0.005611002445220947,automatic_candidate_needs_semantic_review,True,False
direction,TD-bb3dcdb02348,二氧化碳溶剂吸收捕集,2,143,N0144,Biochemical engineering / Context (archaeology) / Solar cell,0.6514087319374084,0.005611002445220947,automatic_candidate_needs_semantic_review,True,False
direction,TD-bb3dcdb02348,二氧化碳溶剂吸收捕集,3,198,N0199,Chemistry / Organic chemistry / Combinatorial chemistry,0.646528422832489,0.005611002445220947,automatic_candidate_needs_semantic_review,True,False
direction,TD-945ce5aefa66,二氧化碳固体吸附捕集,1,204,N0205,Carbon dioxide / Carbon sequestration / Electrochemical reduction of carbon dioxide,0.6641899347305298,0.008419990539550781,automatic_candidate_needs_semantic_review,True,False
direction,TD-945ce5aefa66,二氧化碳固体吸附捕集,2,45,N0046,Carbon fibers / Carbon black / Carbon nanofiber,0.655769944190979,0.008419990539550781,automatic_candidate_needs_semantic_review,True,False
direction,TD-945ce5aefa66,二氧化碳固体吸附捕集,3,143,N0144,Biochemical engineering / Context (archaeology) / Solar cell,0.6504847407341003,0.008419990539550781,automatic_candidate_needs_semantic_review,True,False
direction,TD-645128dabcd4,多孔碳吸附二氧化碳,1,204,N0205,Carbon dioxide / Carbon sequestration / Electrochemical reduction of carbon dioxide,0.6634259819984436,0.003210604190826416,automatic_candidate_needs_semantic_review,True,False
direction,TD-645128dabcd4,多孔碳吸附二氧化碳,2,45,N0046,Carbon fibers / Carbon black / Carbon nanofiber,0.6602153778076172,0.003210604190826416,automatic_candidate_needs_semantic_review,True,False
direction,TD-645128dabcd4,多孔碳吸附二氧化碳,3,143,N0144,Biochemical engineering / Context (archaeology) / Solar cell,0.6520587801933289,0.003210604190826416,automatic_candidate_needs_semantic_review,True,False
direction,TD-4462cc4da3ea,直接空气捕碳,1,45,N0046,Carbon fibers / Carbon black / Carbon nanofiber,0.6699870824813843,0.0070552825927734375,automatic_candidate_needs_semantic_review,True,False
direction,TD-4462cc4da3ea,直接空气捕碳,2,204,N0205,Carbon dioxide / Carbon sequestration / Electrochemical reduction of carbon dioxide,0.6629317998886108,0.0070552825927734375,automatic_candidate_needs_semantic_review,True,False
direction,TD-4462cc4da3ea,直接空气捕碳,3,126,N0127,Work (physics) / Mechanical engineering / Thermodynamics,0.6585991382598877,0.0070552825927734375,automatic_candidate_needs_semantic_review,True,False
direction,TD-712c491dee0d,二氧化碳地质封存与驱油,1,326,N0327,Petroleum engineering / Oil shale / Permeability (electromagnetism),0.6560916304588318,0.012850344181060791,automatic_candidate_needs_semantic_review,True,False
direction,TD-712c491dee0d,二氧化碳地质封存与驱油,2,45,N0046,Carbon fibers / Carbon black / Carbon nanofiber,0.643241286277771,0.012850344181060791,automatic_candidate_needs_semantic_review,True,False
direction,TD-712c491dee0d,二氧化碳地质封存与驱油,3,204,N0205,Carbon dioxide / Carbon sequestration / Electrochemical reduction of carbon dioxide,0.635474681854248,0.012850344181060791,automatic_candidate_needs_semantic_review,True,False
direction,TD-748e11558a94,二氧化碳水合物形成与分离,1,198,N0199,Chemistry / Organic chemistry / Combinatorial chemistry,0.653251051902771,0.0002605915069580078,automatic_candidate_needs_semantic_review,True,False
direction,TD-748e11558a94,二氧化碳水合物形成与分离,2,204,N0205,Carbon dioxide / Carbon sequestration / Electrochemical reduction of carbon dioxide,0.652990460395813,0.0002605915069580078,automatic_candidate_needs_semantic_review,True,False
direction,TD-748e11558a94,二氧化碳水合物形成与分离,3,143,N0144,Biochemical engineering / Context (archaeology) / Solar cell,0.6480674147605896,0.0002605915069580078,automatic_candidate_needs_semantic_review,True,False
direction,TD-993ddcae9638,分离膜污染与清洗,1,86,N0087,Process (computing) / Process engineering / Engineering,0.6364114880561829,0.010311722755432129,automatic_candidate_needs_semantic_review,True,False
direction,TD-993ddcae9638,分离膜污染与清洗,2,126,N0127,Work (physics) / Mechanical engineering / Thermodynamics,0.6260997653007507,0.010311722755432129,automatic_candidate_needs_semantic_review,True,False
direction,TD-993ddcae9638,分离膜污染与清洗,3,491,N0492,Function (biology) / Transfer function / Set (abstract data type),0.6230432987213135,0.010311722755432129,automatic_candidate_needs_semantic_review,True,False
direction,TD-a0a40ee7ee32,膜法海水淡化,1,86,N0087,Process (computing) / Process engineering / Engineering,0.6309666633605957,0.000750422477722168,automatic_candidate_needs_semantic_review,True,False
direction,TD-a0a40ee7ee32,膜法海水淡化,2,454,N0455,Fouling / Membrane fouling / Filtration (mathematics),0.6302162408828735,0.000750422477722168,automatic_candidate_needs_semantic_review,True,False
direction,TD-a0a40ee7ee32,膜法海水淡化,3,143,N0144,Biochemical engineering / Context (archaeology) / Solar cell,0.6240473389625549,0.000750422477722168,automatic_candidate_needs_semantic_review,True,False
direction,TD-f9016aa94d09,水污染物吸附去除,1,120,N0121,Wastewater / Pulp and paper industry / Environmental engineering,0.6545723080635071,0.010424375534057617,automatic_candidate_needs_semantic_review,True,False
direction,TD-f9016aa94d09,水污染物吸附去除,2,86,N0087,Process (computing) / Process engineering / Engineering,0.6441479325294495,0.010424375534057617,automatic_candidate_needs_semantic_review,True,False
direction,TD-f9016aa94d09,水污染物吸附去除,3,467,N0468,Pollutant / Environmental remediation / Pollution,0.644111156463623,0.010424375534057617,automatic_candidate_needs_semantic_review,True,False
direction,TD-5bc81f193d51,水污染物电化学氧化,1,143,N0144,Biochemical engineering / Context (archaeology) / Solar cell,0.6480321884155273,0.0045528411865234375,automatic_candidate_needs_semantic_review,True,False
direction,TD-5bc81f193d51,水污染物电化学氧化,2,0,N0001,Electrochemistry / Chemical engineering / Electrode,0.6434793472290039,0.0045528411865234375,automatic_candidate_needs_semantic_review,True,False
direction,TD-5bc81f193d51,水污染物电化学氧化,3,198,N0199,Chemistry / Organic chemistry / Combinatorial chemistry,0.6373676657676697,0.0045528411865234375,automatic_candidate_needs_semantic_review,True,False
direction,TD-104e725f3e9e,餐厨垃圾或污泥厌氧消化,1,36,N0037,Biogas / Anaerobic digestion / Methane,0.6656705141067505,0.0285646915435791,automatic_candidate_needs_semantic_review,True,False
direction,TD-104e725f3e9e,餐厨垃圾或污泥厌氧消化,2,120,N0121,Wastewater / Pulp and paper industry / Environmental engineering,0.6371058225631714,0.0285646915435791,automatic_candidate_needs_semantic_review,True,False
direction,TD-104e725f3e9e,餐厨垃圾或污泥厌氧消化,3,357,N0358,Raw material / Biorefinery / Metallurgy,0.6299230456352234,0.0285646915435791,automatic_candidate_needs_semantic_review,True,False
direction,TD-b9125f34d9da,畜禽粪便与农业残余厌氧消化,1,36,N0037,Biogas / Anaerobic digestion / Methane,0.6642807722091675,0.03945493698120117,automatic_candidate_needs_semantic_review,True,False
direction,TD-b9125f34d9da,畜禽粪便与农业残余厌氧消化,2,270,N0271,Biofuel / Biodiesel / Methane,0.6248258352279663,0.03945493698120117,automatic_candidate_needs_semantic_review,True,False
direction,TD-b9125f34d9da,畜禽粪便与农业残余厌氧消化,3,390,N0391,Fermentation / Biohydrogen / Food science,0.6226504445075989,0.03945493698120117,automatic_candidate_needs_semantic_review,True,False
direction,TD-738455d42406,沼气提纯与生物甲烷升级,1,143,N0144,Biochemical engineering / Context (archaeology) / Solar cell,0.6479610800743103,0.011214792728424072,automatic_candidate_needs_semantic_review,True,False
direction,TD-738455d42406,沼气提纯与生物甲烷升级,2,270,N0271,Biofuel / Biodiesel / Methane,0.6367462873458862,0.011214792728424072,automatic_candidate_needs_semantic_review,True,False
direction,TD-738455d42406,沼气提纯与生物甲烷升级,3,86,N0087,Process (computing) / Process engineering / Engineering,0.6316940784454346,0.011214792728424072,automatic_candidate_needs_semantic_review,True,False
direction,TD-0258a43fe294,生物质与污泥厌氧消化产气,1,36,N0037,Biogas / Anaerobic digestion / Methane,0.663120448589325,0.017968416213989258,automatic_candidate_needs_semantic_review,True,False
direction,TD-0258a43fe294,生物质与污泥厌氧消化产气,2,143,N0144,Biochemical engineering / Context (archaeology) / Solar cell,0.6451520323753357,0.017968416213989258,automatic_candidate_needs_semantic_review,True,False
direction,TD-0258a43fe294,生物质与污泥厌氧消化产气,3,357,N0358,Raw material / Biorefinery / Metallurgy,0.6406112909317017,0.017968416213989258,automatic_candidate_needs_semantic_review,True,False
direction,TD-6bfc80f7db5d,厌氧发酵生物制氢,1,390,N0391,Fermentation / Biohydrogen / Food science,0.6498373746871948,0.0014798641204833984,automatic_candidate_needs_semantic_review,True,False
direction,TD-6bfc80f7db5d,厌氧发酵生物制氢,2,143,N0144,Biochemical engineering / Context (archaeology) / Solar cell,0.6483575105667114,0.0014798641204833984,automatic_candidate_needs_semantic_review,True,False
direction,TD-6bfc80f7db5d,厌氧发酵生物制氢,3,36,N0037,Biogas / Anaerobic digestion / Methane,0.63448566198349,0.0014798641204833984,automatic_candidate_needs_semantic_review,True,False
direction,TD-38f31eb16c30,厌氧污水处理反应器,1,143,N0144,Biochemical engineering / Context (archaeology) / Solar cell,0.6461313962936401,0.007449746131896973,automatic_candidate_needs_semantic_review,True,False
direction,TD-38f31eb16c30,厌氧污水处理反应器,2,120,N0121,Wastewater / Pulp and paper industry / Environmental engineering,0.6386816501617432,0.007449746131896973,automatic_candidate_needs_semantic_review,True,False
direction,TD-38f31eb16c30,厌氧污水处理反应器,3,86,N0087,Process (computing) / Process engineering / Engineering,0.6373945474624634,0.007449746131896973,automatic_candidate_needs_semantic_review,True,False
direction,TD-fb23a92502aa,污泥脱水与调理,1,120,N0121,Wastewater / Pulp and paper industry / Environmental engineering,0.6366620063781738,0.00016510486602783203,automatic_candidate_needs_semantic_review,True,False
direction,TD-fb23a92502aa,污泥脱水与调理,2,86,N0087,Process (computing) / Process engineering / Engineering,0.636496901512146,0.00016510486602783203,automatic_candidate_needs_semantic_review,True,False
direction,TD-fb23a92502aa,污泥脱水与调理,3,3,N0004,Environmental science / Waste management / Engineering,0.6319863796234131,0.00016510486602783203,automatic_candidate_needs_semantic_review,True,False
direction,TD-ce3d305067c5,污水污泥营养元素回收,1,120,N0121,Wastewater / Pulp and paper industry / Environmental engineering,0.627514660358429,0.015311002731323242,automatic_candidate_needs_semantic_review,True,False
direction,TD-ce3d305067c5,污水污泥营养元素回收,2,3,N0004,Environmental science / Waste management / Engineering,0.6122036576271057,0.015311002731323242,automatic_candidate_needs_semantic_review,True,False
direction,TD-ce3d305067c5,污水污泥营养元素回收,3,357,N0358,Raw material / Biorefinery / Metallurgy,0.6099492311477661,0.015311002731323242,automatic_candidate_needs_semantic_review,True,False
direction,TD-6a9305c3cf60,生物质气化制合成气,1,143,N0144,Biochemical engineering / Context (archaeology) / Solar cell,0.6239409446716309,0.013200104236602783,automatic_candidate_needs_semantic_review,True,False
direction,TD-6a9305c3cf60,生物质气化制合成气,2,126,N0127,Work (physics) / Mechanical engineering / Thermodynamics,0.6107408404350281,0.013200104236602783,automatic_candidate_needs_semantic_review,True,False
direction,TD-6a9305c3cf60,生物质气化制合成气,3,198,N0199,Chemistry / Organic chemistry / Combinatorial chemistry,0.6102091073989868,0.013200104236602783,automatic_candidate_needs_semantic_review,True,False
direction,TD-4d9131ed7df7,生物质水热液化,1,143,N0144,Biochemical engineering / Context (archaeology) / Solar cell,0.6226092576980591,0.0018477439880371094,automatic_candidate_needs_semantic_review,True,False
direction,TD-4d9131ed7df7,生物质水热液化,2,86,N0087,Process (computing) / Process engineering / Engineering,0.620761513710022,0.0018477439880371094,automatic_candidate_needs_semantic_review,True,False
direction,TD-4d9131ed7df7,生物质水热液化,3,203,N0204,Process engineering / Desalination / Distillation,0.6207448840141296,0.0018477439880371094,automatic_candidate_needs_semantic_review,True,False
direction,TD-3e1d80f0b52f,生物质水热炭化,1,143,N0144,Biochemical engineering / Context (archaeology) / Solar cell,0.6251974105834961,0.0009444355964660645,automatic_candidate_needs_semantic_review,True,False
direction,TD-3e1d80f0b52f,生物质水热炭化,2,3,N0004,Environmental science / Waste management / Engineering,0.62425297498703,0.0009444355964660645,automatic_candidate_needs_semantic_review,True,False
direction,TD-3e1d80f0b52f,生物质水热炭化,3,86,N0087,Process (computing) / Process engineering / Engineering,0.6201555728912354,0.0009444355964660645,automatic_candidate_needs_semantic_review,True,False
direction,TD-e83519418b46,生物质热解与炭化,1,143,N0144,Biochemical engineering / Context (archaeology) / Solar cell,0.6378659009933472,0.005194306373596191,automatic_candidate_needs_semantic_review,True,False
direction,TD-e83519418b46,生物质热解与炭化,2,126,N0127,Work (physics) / Mechanical engineering / Thermodynamics,0.632671594619751,0.005194306373596191,automatic_candidate_needs_semantic_review,True,False
direction,TD-e83519418b46,生物质热解与炭化,3,86,N0087,Process (computing) / Process engineering / Engineering,0.6319524049758911,0.005194306373596191,automatic_candidate_needs_semantic_review,True,False
direction,TD-f98b424a6ba0,生物炭土壤改良,1,266,N0267,Bioenergy / Biofuel / Agriculture,0.6516751050949097,0.007844090461730957,automatic_candidate_needs_semantic_review,True,False
direction,TD-f98b424a6ba0,生物炭土壤改良,2,270,N0271,Biofuel / Biodiesel / Methane,0.6438310146331787,0.007844090461730957,automatic_candidate_needs_semantic_review,True,False
direction,TD-f98b424a6ba0,生物炭土壤改良,3,91,N0092,Biomass (ecology) / Agronomy / Torrefaction,0.6436457633972168,0.007844090461730957,automatic_candidate_needs_semantic_review,True,False
direction,TD-de8a1d59b5da,生物炭水污染物去除,1,143,N0144,Biochemical engineering / Context (archaeology) / Solar cell,0.6328600645065308,0.005972027778625488,automatic_candidate_needs_semantic_review,True,False
direction,TD-de8a1d59b5da,生物炭水污染物去除,2,467,N0468,Pollutant / Environmental remediation / Pollution,0.6268880367279053,0.005972027778625488,automatic_candidate_needs_semantic_review,True,False
direction,TD-de8a1d59b5da,生物炭水污染物去除,3,91,N0092,Biomass (ecology) / Agronomy / Torrefaction,0.6243188381195068,0.005972027778625488,automatic_candidate_needs_semantic_review,True,False
direction,TD-a54deaf44470,活性炭制备与孔结构,1,126,N0127,Work (physics) / Mechanical engineering / Thermodynamics,0.6343281269073486,0.0004723072052001953,automatic_candidate_needs_semantic_review,True,False
direction,TD-a54deaf44470,活性炭制备与孔结构,2,118,N0119,Production (economics) / Payback period / Engineering,0.6338558197021484,0.0004723072052001953,automatic_candidate_needs_semantic_review,True,False
direction,TD-a54deaf44470,活性炭制备与孔结构,3,491,N0492,Function (biology) / Transfer function / Set (abstract data type),0.6305148005485535,0.0004723072052001953,automatic_candidate_needs_semantic_review,True,False
direction,TD-bbf3603b6b82,木质纤维素预处理,1,91,N0092,Biomass (ecology) / Agronomy / Torrefaction,0.6039906740188599,0.008675336837768555,automatic_candidate_needs_semantic_review,True,False
direction,TD-bbf3603b6b82,木质纤维素预处理,2,86,N0087,Process (computing) / Process engineering / Engineering,0.5953153371810913,0.008675336837768555,automatic_candidate_needs_semantic_review,True,False
direction,TD-bbf3603b6b82,木质纤维素预处理,3,364,N0365,Cellulose / Lignin / Hemicellulose,0.5950793027877808,0.008675336837768555,automatic_candidate_needs_semantic_review,True,False
direction,TD-15c7aec98f48,木质纤维素生物乙醇,1,270,N0271,Biofuel / Biodiesel / Methane,0.6239563822746277,0.0119704008102417,automatic_candidate_needs_semantic_review,True,False
direction,TD-15c7aec98f48,木质纤维素生物乙醇,2,91,N0092,Biomass (ecology) / Agronomy / Torrefaction,0.611985981464386,0.0119704008102417,automatic_candidate_needs_semantic_review,True,False
direction,TD-15c7aec98f48,木质纤维素生物乙醇,3,143,N0144,Biochemical engineering / Context (archaeology) / Solar cell,0.6069404482841492,0.0119704008102417,automatic_candidate_needs_semantic_review,True,False
direction,TD-c3bbbb8169b8,藻类生物燃料,1,270,N0271,Biofuel / Biodiesel / Methane,0.6537356972694397,0.015291154384613037,automatic_candidate_needs_semantic_review,True,False
direction,TD-c3bbbb8169b8,藻类生物燃料,2,91,N0092,Biomass (ecology) / Agronomy / Torrefaction,0.6384445428848267,0.015291154384613037,automatic_candidate_needs_semantic_review,True,False
direction,TD-c3bbbb8169b8,藻类生物燃料,3,143,N0144,Biochemical engineering / Context (archaeology) / Solar cell,0.6353673338890076,0.015291154384613037,automatic_candidate_needs_semantic_review,True,False
direction,TD-0f5df8e27baf,电子废物回收,1,463,N0464,Service (business) / Marketing / Telecommunications,0.6568350791931152,0.010098874568939209,automatic_candidate_needs_semantic_review,True,False
direction,TD-0f5df8e27baf,电子废物回收,2,491,N0492,Function (biology) / Transfer function / Set (abstract data type),0.646736204624176,0.010098874568939209,automatic_candidate_needs_semantic_review,True,False
direction,TD-0f5df8e27baf,电子废物回收,3,86,N0087,Process (computing) / Process engineering / Engineering,0.6456475257873535,0.010098874568939209,automatic_candidate_needs_semantic_review,True,False
direction,TD-761f92e0290c,废塑料回收与转化,1,86,N0087,Process (computing) / Process engineering / Engineering,0.6483958959579468,0.0043721795082092285,automatic_candidate_needs_semantic_review,True,False
direction,TD-761f92e0290c,废塑料回收与转化,2,357,N0358,Raw material / Biorefinery / Metallurgy,0.6440237164497375,0.0043721795082092285,automatic_candidate_needs_semantic_review,True,False
direction,TD-761f92e0290c,废塑料回收与转化,3,126,N0127,Work (physics) / Mechanical engineering / Thermodynamics,0.6439650058746338,0.0043721795082092285,automatic_candidate_needs_semantic_review,True,False
direction,TD-c31b611c67e2,电力负荷预测,1,491,N0492,Function (biology) / Transfer function / Set (abstract data type),0.6942710876464844,0.00977623462677002,automatic_candidate_needs_semantic_review,True,False
direction,TD-c31b611c67e2,电力负荷预测,2,463,N0464,Service (business) / Marketing / Telecommunications,0.6844948530197144,0.00977623462677002,automatic_candidate_needs_semantic_review,True,False
direction,TD-c31b611c67e2,电力负荷预测,3,437,N0438,Operations research / Probabilistic logic / Analytic hierarchy process,0.680651843547821,0.00977623462677002,automatic_candidate_needs_semantic_review,True,False
direction,TD-ffc4d89a4ea5,电价预测,1,491,N0492,Function (biology) / Transfer function / Set (abstract data type),0.6764367818832397,0.0006040334701538086,automatic_candidate_needs_semantic_review,True,False
direction,TD-ffc4d89a4ea5,电价预测,2,38,N0039,Electricity / Electricity market / Environmental economics,0.6758327484130859,0.0006040334701538086,automatic_candidate_needs_semantic_review,True,False
direction,TD-ffc4d89a4ea5,电价预测,3,437,N0438,Operations research / Probabilistic logic / Analytic hierarchy process,0.6689304709434509,0.0006040334701538086,automatic_candidate_needs_semantic_review,True,False
direction,TD-b1702794cfc5,电网短路电流计算,1,419,N0420,Sequence (biology) / Symmetrical components / Ancient history,0.6416481733322144,0.005599617958068848,automatic_candidate_needs_semantic_review,True,False
direction,TD-b1702794cfc5,电网短路电流计算,2,411,N0412,Electric power / Electric power industry / Electric energy,0.6360485553741455,0.005599617958068848,automatic_candidate_needs_semantic_review,True,False
direction,TD-b1702794cfc5,电网短路电流计算,3,491,N0492,Function (biology) / Transfer function / Set (abstract data type),0.6293445825576782,0.005599617958068848,automatic_candidate_needs_semantic_review,True,False
direction,TD-5a28757d5361,风速预测,1,15,N0016,Wind power / Wind speed / Induction generator,0.6880652904510498,0.015324592590332031,automatic_candidate_needs_semantic_review,True,False
direction,TD-5a28757d5361,风速预测,2,491,N0492,Function (biology) / Transfer function / Set (abstract data type),0.6727406978607178,0.015324592590332031,automatic_candidate_needs_semantic_review,True,False
direction,TD-5a28757d5361,风速预测,3,26,N0027,Turbine / Marine engineering / Mechanical engineering,0.6656624674797058,0.015324592590332031,automatic_candidate_needs_semantic_review,True,False
direction,TD-5b76da2941cf,风电出力预测,1,15,N0016,Wind power / Wind speed / Induction generator,0.6870973706245422,0.026146352291107178,automatic_candidate_needs_semantic_review,True,False
direction,TD-5b76da2941cf,风电出力预测,2,26,N0027,Turbine / Marine engineering / Mechanical engineering,0.6609510183334351,0.026146352291107178,automatic_candidate_needs_semantic_review,True,False
direction,TD-5b76da2941cf,风电出力预测,3,491,N0492,Function (biology) / Transfer function / Set (abstract data type),0.658390998840332,0.026146352291107178,automatic_candidate_needs_semantic_review,True,False
direction,TD-5b046154b9e9,风机状态监测与预测性维护,1,491,N0492,Function (biology) / Transfer function / Set (abstract data type),0.6893138885498047,0.0018821954727172852,automatic_candidate_needs_semantic_review,True,False
direction,TD-5b046154b9e9,风机状态监测与预测性维护,2,15,N0016,Wind power / Wind speed / Induction generator,0.6874316930770874,0.0018821954727172852,automatic_candidate_needs_semantic_review,True,False
direction,TD-5b046154b9e9,风机状态监测与预测性维护,3,463,N0464,Service (business) / Marketing / Telecommunications,0.6839597821235657,0.0018821954727172852,automatic_candidate_needs_semantic_review,True,False
direction,TD-61ca21eeb56d,电动汽车充电站选址规划,1,190,N0191,Electric vehicle / Charging station / Driving range,0.6715717911720276,0.008442819118499756,automatic_candidate_needs_semantic_review,True,False
direction,TD-61ca21eeb56d,电动汽车充电站选址规划,2,463,N0464,Service (business) / Marketing / Telecommunications,0.6631289720535278,0.008442819118499756,automatic_candidate_needs_semantic_review,True,False
direction,TD-61ca21eeb56d,电动汽车充电站选址规划,3,377,N0378,Transport engineering / Truck / Engineering,0.6529049873352051,0.008442819118499756,automatic_candidate_needs_semantic_review,True,False
direction,TD-e468bc590418,电动汽车路径与补能规划,1,190,N0191,Electric vehicle / Charging station / Driving range,0.6736600399017334,0.007228255271911621,automatic_candidate_needs_semantic_review,True,False
direction,TD-e468bc590418,电动汽车路径与补能规划,2,377,N0378,Transport engineering / Truck / Engineering,0.6664317846298218,0.007228255271911621,automatic_candidate_needs_semantic_review,True,False
direction,TD-e468bc590418,电动汽车路径与补能规划,3,463,N0464,Service (business) / Marketing / Telecommunications,0.6596231460571289,0.007228255271911621,automatic_candidate_needs_semantic_review,True,False
direction,TD-12341d8e8c42,电动汽车有序充放电调度,1,190,N0191,Electric vehicle / Charging station / Driving range,0.6968486309051514,0.022382736206054688,automatic_candidate_needs_semantic_review,True,False
direction,TD-12341d8e8c42,电动汽车有序充放电调度,2,463,N0464,Service (business) / Marketing / Telecommunications,0.6744658946990967,0.022382736206054688,automatic_candidate_needs_semantic_review,True,False
direction,TD-12341d8e8c42,电动汽车有序充放电调度,3,23,N0024,Automotive engineering / Powertrain / Engineering,0.673578143119812,0.022382736206054688,automatic_candidate_needs_semantic_review,True,False
direction,TD-e10d14f760bc,电动汽车充电并网影响,1,190,N0191,Electric vehicle / Charging station / Driving range,0.6772845983505249,0.014654576778411865,automatic_candidate_needs_semantic_review,True,False
direction,TD-e10d14f760bc,电动汽车充电并网影响,2,475,N0476,Electrification / Rural electrification / Economic growth,0.662630021572113,0.014654576778411865,automatic_candidate_needs_semantic_review,True,False
direction,TD-e10d14f760bc,电动汽车充电并网影响,3,463,N0464,Service (business) / Marketing / Telecommunications,0.6594979166984558,0.014654576778411865,automatic_candidate_needs_semantic_review,True,False
direction,TD-ecc50211a5fa,电动汽车充电负荷预测,1,190,N0191,Electric vehicle / Charging station / Driving range,0.6959606409072876,0.026291191577911377,automatic_candidate_needs_semantic_review,True,False
direction,TD-ecc50211a5fa,电动汽车充电负荷预测,2,463,N0464,Service (business) / Marketing / Telecommunications,0.6696694493293762,0.026291191577911377,automatic_candidate_needs_semantic_review,True,False
direction,TD-ecc50211a5fa,电动汽车充电负荷预测,3,377,N0378,Transport engineering / Truck / Engineering,0.6631319522857666,0.026291191577911377,automatic_candidate_needs_semantic_review,True,False
direction,TD-b06277fda2ff,电动汽车整车能耗与续航,1,190,N0191,Electric vehicle / Charging station / Driving range,0.6733693480491638,0.012502968311309814,automatic_candidate_needs_semantic_review,True,False
direction,TD-b06277fda2ff,电动汽车整车能耗与续航,2,377,N0378,Transport engineering / Truck / Engineering,0.660866379737854,0.012502968311309814,automatic_candidate_needs_semantic_review,True,False
direction,TD-b06277fda2ff,电动汽车整车能耗与续航,3,476,N0477,Automotive industry / Manufacturing engineering / Palladium,0.6603614091873169,0.012502968311309814,automatic_candidate_needs_semantic_review,True,False
direction,TD-0b5d842144bb,微电网能量管理与经济调度,1,463,N0464,Service (business) / Marketing / Telecommunications,0.6837332844734192,0.00041228532791137695,automatic_candidate_needs_semantic_review,True,False
direction,TD-0b5d842144bb,微电网能量管理与经济调度,2,491,N0492,Function (biology) / Transfer function / Set (abstract data type),0.6833209991455078,0.00041228532791137695,automatic_candidate_needs_semantic_review,True,False
direction,TD-0b5d842144bb,微电网能量管理与经济调度,3,497,N0498,Unit (ring theory) / Mathematics / Power system simulation,0.677582859992981,0.00041228532791137695,automatic_candidate_needs_semantic_review,True,False
direction,TD-f68f82715e6a,微电网下垂控制与功率分配,1,491,N0492,Function (biology) / Transfer function / Set (abstract data type),0.6775755882263184,0.008727431297302246,automatic_candidate_needs_semantic_review,True,False
direction,TD-f68f82715e6a,微电网下垂控制与功率分配,2,28,N0029,Power (physics) / Electric power system / Power flow,0.6688481569290161,0.008727431297302246,automatic_candidate_needs_semantic_review,True,False
direction,TD-f68f82715e6a,微电网下垂控制与功率分配,3,195,N0196,Control (management) / Control engineering / Control system,0.6682097911834717,0.008727431297302246,automatic_candidate_needs_semantic_review,True,False
direction,TD-a455bbb37134,微电网孤岛切换与动态控制,1,195,N0196,Control (management) / Control engineering / Control system,0.6757076382637024,0.0035372376441955566,automatic_candidate_needs_semantic_review,True,False
direction,TD-a455bbb37134,微电网孤岛切换与动态控制,2,338,N0339,Modular design / Scalability / High-voltage direct current,0.6721704006195068,0.0035372376441955566,automatic_candidate_needs_semantic_review,True,False
direction,TD-a455bbb37134,微电网孤岛切换与动态控制,3,491,N0492,Function (biology) / Transfer function / Set (abstract data type),0.6710122227668762,0.0035372376441955566,automatic_candidate_needs_semantic_review,True,False
direction,TD-98b882f080e3,综合能源系统优化调度,1,497,N0498,Unit (ring theory) / Mathematics / Power system simulation,0.6855829358100891,0.0043901801109313965,automatic_candidate_needs_semantic_review,True,False
direction,TD-98b882f080e3,综合能源系统优化调度,2,491,N0492,Function (biology) / Transfer function / Set (abstract data type),0.6811927556991577,0.0043901801109313965,automatic_candidate_needs_semantic_review,True,False
direction,TD-98b882f080e3,综合能源系统优化调度,3,424,N0425,Systems engineering / Engineering / Automation,0.6766688823699951,0.0043901801109313965,automatic_candidate_needs_semantic_review,True,False
direction,TD-148667f2958b,综合能源系统规划配置,1,497,N0498,Unit (ring theory) / Mathematics / Power system simulation,0.6711961627006531,0.003034055233001709,automatic_candidate_needs_semantic_review,True,False
direction,TD-148667f2958b,综合能源系统规划配置,2,437,N0438,Operations research / Probabilistic logic / Analytic hierarchy process,0.6681621074676514,0.003034055233001709,automatic_candidate_needs_semantic_review,True,False
direction,TD-148667f2958b,综合能源系统规划配置,3,455,N0456,Demand response / Peak demand / Load management,0.6662778854370117,0.003034055233001709,automatic_candidate_needs_semantic_review,True,False
direction,TD-db6bae9a4087,虚拟电厂资源聚合与调度,1,497,N0498,Unit (ring theory) / Mathematics / Power system simulation,0.679399847984314,0.005079150199890137,automatic_candidate_needs_semantic_review,True,False
direction,TD-db6bae9a4087,虚拟电厂资源聚合与调度,2,424,N0425,Systems engineering / Engineering / Automation,0.6743206977844238,0.005079150199890137,automatic_candidate_needs_semantic_review,True,False
direction,TD-db6bae9a4087,虚拟电厂资源聚合与调度,3,43,N0044,Grid / Power grid / Smart grid,0.6739286184310913,0.005079150199890137,automatic_candidate_needs_semantic_review,True,False
direction,TD-d63525b9f25a,配电网需求响应与柔性调度,1,455,N0456,Demand response / Peak demand / Load management,0.6973016262054443,0.003232419490814209,automatic_candidate_needs_semantic_review,True,False
direction,TD-d63525b9f25a,配电网需求响应与柔性调度,2,463,N0464,Service (business) / Marketing / Telecommunications,0.6940692067146301,0.003232419490814209,automatic_candidate_needs_semantic_review,True,False
direction,TD-d63525b9f25a,配电网需求响应与柔性调度,3,491,N0492,Function (biology) / Transfer function / Set (abstract data type),0.6875610947608948,0.003232419490814209,automatic_candidate_needs_semantic_review,True,False
direction,TD-264d4d0725e8,配电网规划与容量配置,1,463,N0464,Service (business) / Marketing / Telecommunications,0.6735690832138062,0.009956061840057373,automatic_candidate_needs_semantic_review,True,False
direction,TD-264d4d0725e8,配电网规划与容量配置,2,491,N0492,Function (biology) / Transfer function / Set (abstract data type),0.6636130213737488,0.009956061840057373,automatic_candidate_needs_semantic_review,True,False
direction,TD-264d4d0725e8,配电网规划与容量配置,3,455,N0456,Demand response / Peak demand / Load management,0.6609012484550476,0.009956061840057373,automatic_candidate_needs_semantic_review,True,False
direction,TD-1145737afe62,配电网重构与优化运行,1,463,N0464,Service (business) / Marketing / Telecommunications,0.6939817667007446,0.006083250045776367,automatic_candidate_needs_semantic_review,True,False
direction,TD-1145737afe62,配电网重构与优化运行,2,491,N0492,Function (biology) / Transfer function / Set (abstract data type),0.6878985166549683,0.006083250045776367,automatic_candidate_needs_semantic_review,True,False
direction,TD-1145737afe62,配电网重构与优化运行,3,497,N0498,Unit (ring theory) / Mathematics / Power system simulation,0.6751996874809265,0.006083250045776367,automatic_candidate_needs_semantic_review,True,False
direction,TD-fd09de762c72,配电网电压无功优化,1,419,N0420,Sequence (biology) / Symmetrical components / Ancient history,0.6766778230667114,0.0007606744766235352,automatic_candidate_needs_semantic_review,True,False
direction,TD-fd09de762c72,配电网电压无功优化,2,491,N0492,Function (biology) / Transfer function / Set (abstract data type),0.6759171485900879,0.0007606744766235352,automatic_candidate_needs_semantic_review,True,False
direction,TD-fd09de762c72,配电网电压无功优化,3,362,N0363,AC power / Power factor / Voltage optimisation,0.6758570075035095,0.0007606744766235352,automatic_candidate_needs_semantic_review,True,False
direction,TD-5b3bd0489518,配电网谐波与电能质量治理,1,312,N0313,Quality (philosophy) / Power quality / Voltage sag,0.6896791458129883,0.008288025856018066,automatic_candidate_needs_semantic_review,True,False
direction,TD-5b3bd0489518,配电网谐波与电能质量治理,2,491,N0492,Function (biology) / Transfer function / Set (abstract data type),0.6813911199569702,0.008288025856018066,automatic_candidate_needs_semantic_review,True,False
direction,TD-5b3bd0489518,配电网谐波与电能质量治理,3,463,N0464,Service (business) / Marketing / Telecommunications,0.6798131465911865,0.008288025856018066,automatic_candidate_needs_semantic_review,True,False
direction,TD-439316ab7241,电网状态估计与相量测量,1,491,N0492,Function (biology) / Transfer function / Set (abstract data type),0.6772269010543823,0.013142526149749756,automatic_candidate_needs_semantic_review,True,False
direction,TD-439316ab7241,电网状态估计与相量测量,2,420,N0421,Line (geometry) / Mathematics / Geometry,0.6640843749046326,0.013142526149749756,automatic_candidate_needs_semantic_review,True,False
direction,TD-439316ab7241,电网状态估计与相量测量,3,52,N0053,Reliability (semiconductor) / Reliability engineering / Computer science,0.6640755534172058,0.013142526149749756,automatic_candidate_needs_semantic_review,True,False
direction,TD-d620db54a999,电力系统暂态稳定,1,491,N0492,Function (biology) / Transfer function / Set (abstract data type),0.700529932975769,0.003505229949951172,automatic_candidate_needs_semantic_review,True,False
direction,TD-d620db54a999,电力系统暂态稳定,2,497,N0498,Unit (ring theory) / Mathematics / Power system simulation,0.6970247030258179,0.003505229949951172,automatic_candidate_needs_semantic_review,True,False
direction,TD-d620db54a999,电力系统暂态稳定,3,264,N0265,Stability (learning theory) / Mathematics / Machine learning,0.6940691471099854,0.003505229949951172,automatic_candidate_needs_semantic_review,True,False
direction,TD-487cb550fe07,电力系统电压稳定,1,491,N0492,Function (biology) / Transfer function / Set (abstract data type),0.6906473636627197,0.009343981742858887,automatic_candidate_needs_semantic_review,True,False
direction,TD-487cb550fe07,电力系统电压稳定,2,497,N0498,Unit (ring theory) / Mathematics / Power system simulation,0.6813033819198608,0.009343981742858887,automatic_candidate_needs_semantic_review,True,False
direction,TD-487cb550fe07,电力系统电压稳定,3,28,N0029,Power (physics) / Electric power system / Power flow,0.6785885095596313,0.009343981742858887,automatic_candidate_needs_semantic_review,True,False
direction,TD-7ac781d5307f,电网频率控制,1,195,N0196,Control (management) / Control engineering / Control system,0.6750119924545288,0.002362072467803955,automatic_candidate_needs_semantic_review,True,False
direction,TD-7ac781d5307f,电网频率控制,2,491,N0492,Function (biology) / Transfer function / Set (abstract data type),0.6726499199867249,0.002362072467803955,automatic_candidate_needs_semantic_review,True,False
direction,TD-7ac781d5307f,电网频率控制,3,419,N0420,Sequence (biology) / Symmetrical components / Ancient history,0.668049693107605,0.002362072467803955,automatic_candidate_needs_semantic_review,True,False
direction,TD-23d0a91ab7d6,电力系统可靠性评估,1,52,N0053,Reliability (semiconductor) / Reliability engineering / Computer science,0.7090327739715576,0.017188429832458496,automatic_candidate_needs_semantic_review,True,False
direction,TD-23d0a91ab7d6,电力系统可靠性评估,2,424,N0425,Systems engineering / Engineering / Automation,0.6918443441390991,0.017188429832458496,automatic_candidate_needs_semantic_review,True,False
direction,TD-23d0a91ab7d6,电力系统可靠性评估,3,491,N0492,Function (biology) / Transfer function / Set (abstract data type),0.6911608576774597,0.017188429832458496,automatic_candidate_needs_semantic_review,True,False
direction,TD-1bdd40ce5e8b,变压器故障诊断,1,46,N0047,Transformer / Distribution transformer / Voltage,0.6618197560310364,8.58306884765625e-05,automatic_candidate_needs_semantic_review,True,False
direction,TD-1bdd40ce5e8b,变压器故障诊断,2,491,N0492,Function (biology) / Transfer function / Set (abstract data type),0.6617339253425598,8.58306884765625e-05,automatic_candidate_needs_semantic_review,True,False
direction,TD-1bdd40ce5e8b,变压器故障诊断,3,1,N0002,Engineering / Electrical engineering / Computer science,0.6509491205215454,8.58306884765625e-05,automatic_candidate_needs_semantic_review,True,False
direction,TD-6f9f38fa334b,输配电线路故障检测与定位,1,420,N0421,Line (geometry) / Mathematics / Geometry,0.6711062788963318,0.0040163397789001465,automatic_candidate_needs_semantic_review,True,False
direction,TD-6f9f38fa334b,输配电线路故障检测与定位,2,463,N0464,Service (business) / Marketing / Telecommunications,0.6670899391174316,0.0040163397789001465,automatic_candidate_needs_semantic_review,True,False
direction,TD-6f9f38fa334b,输配电线路故障检测与定位,3,73,N0074,Electric power transmission / Transmission line / Transmission (telecommunications),0.6654549837112427,0.0040163397789001465,automatic_candidate_needs_semantic_review,True,False
direction,TD-59f701019f2b,开关设备故障检测,1,393,N0394,Test (biology) / Morphology (biology) / Test bench,0.6445358991622925,0.006882786750793457,automatic_candidate_needs_semantic_review,True,False
direction,TD-59f701019f2b,开关设备故障检测,2,419,N0420,Sequence (biology) / Symmetrical components / Ancient history,0.637653112411499,0.006882786750793457,automatic_candidate_needs_semantic_review,True,False
direction,TD-59f701019f2b,开关设备故障检测,3,463,N0464,Service (business) / Marketing / Telecommunications,0.6337954998016357,0.006882786750793457,automatic_candidate_needs_semantic_review,True,False
direction,TD-12d718c83d53,输电线路雷击与防雷,1,419,N0420,Sequence (biology) / Symmetrical components / Ancient history,0.6538495421409607,0.0026282668113708496,automatic_candidate_needs_semantic_review,True,False
direction,TD-12d718c83d53,输电线路雷击与防雷,2,420,N0421,Line (geometry) / Mathematics / Geometry,0.6512212753295898,0.0026282668113708496,automatic_candidate_needs_semantic_review,True,False
direction,TD-12d718c83d53,输电线路雷击与防雷,3,1,N0002,Engineering / Electrical engineering / Computer science,0.6474317908287048,0.0026282668113708496,automatic_candidate_needs_semantic_review,True,False
direction,TD-d35aee62734e,电网接地与地网安全,1,463,N0464,Service (business) / Marketing / Telecommunications,0.6611664295196533,0.008458316326141357,automatic_candidate_needs_semantic_review,True,False
direction,TD-d35aee62734e,电网接地与地网安全,2,341,N0342,Risk analysis (engineering) / Risk management / Resilience (materials science),0.652708113193512,0.008458316326141357,automatic_candidate_needs_semantic_review,True,False
direction,TD-d35aee62734e,电网接地与地网安全,3,331,N0332,Key (lock) / Process management / Sustainable energy,0.6469343900680542,0.008458316326141357,automatic_candidate_needs_semantic_review,True,False
direction,TD-59b610c69da4,电气绝缘局部放电,1,1,N0002,Engineering / Electrical engineering / Computer science,0.6588213443756104,0.009983658790588379,automatic_candidate_needs_semantic_review,True,False
direction,TD-59b610c69da4,电气绝缘局部放电,2,419,N0420,Sequence (biology) / Symmetrical components / Ancient history,0.648837685585022,0.009983658790588379,automatic_candidate_needs_semantic_review,True,False
direction,TD-59b610c69da4,电气绝缘局部放电,3,491,N0492,Function (biology) / Transfer function / Set (abstract data type),0.6470112204551697,0.009983658790588379,automatic_candidate_needs_semantic_review,True,False
direction,TD-0c3d604d3d05,电晕放电与电晕损耗,1,491,N0492,Function (biology) / Transfer function / Set (abstract data type),0.6630508899688721,0.007273077964782715,automatic_candidate_needs_semantic_review,True,False
direction,TD-0c3d604d3d05,电晕放电与电晕损耗,2,497,N0498,Unit (ring theory) / Mathematics / Power system simulation,0.6557778120040894,0.007273077964782715,automatic_candidate_needs_semantic_review,True,False
direction,TD-0c3d604d3d05,电晕放电与电晕损耗,3,126,N0127,Work (physics) / Mechanical engineering / Thermodynamics,0.6534013748168945,0.007273077964782715,automatic_candidate_needs_semantic_review,True,False
direction,TD-a0681d6596a4,智能电网网络攻击与安全,1,188,N0189,Computer security / Cyber-physical system / Internet of Things,0.6863617300987244,0.025060832500457764,automatic_candidate_needs_semantic_review,True,False
direction,TD-a0681d6596a4,智能电网网络攻击与安全,2,289,N0290,Computer network / Real-time computing / Wireless sensor network,0.6613008975982666,0.025060832500457764,automatic_candidate_needs_semantic_review,True,False
direction,TD-a0681d6596a4,智能电网网络攻击与安全,3,463,N0464,Service (business) / Marketing / Telecommunications,0.6590818166732788,0.025060832500457764,automatic_candidate_needs_semantic_review,True,False
direction,TD-4d1e9bb9fbdb,电网灾害韧性与恢复,1,52,N0053,Reliability (semiconductor) / Reliability engineering / Computer science,0.6764457821846008,0.0031694769859313965,automatic_candidate_needs_semantic_review,True,False
direction,TD-4d1e9bb9fbdb,电网灾害韧性与恢复,2,491,N0492,Function (biology) / Transfer function / Set (abstract data type),0.6732763051986694,0.0031694769859313965,automatic_candidate_needs_semantic_review,True,False
direction,TD-4d1e9bb9fbdb,电网灾害韧性与恢复,3,463,N0464,Service (business) / Marketing / Telecommunications,0.6674803495407104,0.0031694769859313965,automatic_candidate_needs_semantic_review,True,False
direction,TD-4322a7fd235f,智能电网通信架构,1,289,N0290,Computer network / Real-time computing / Wireless sensor network,0.6808681488037109,0.012280881404876709,automatic_candidate_needs_semantic_review,True,False
direction,TD-4322a7fd235f,智能电网通信架构,2,463,N0464,Service (business) / Marketing / Telecommunications,0.6685872673988342,0.012280881404876709,automatic_candidate_needs_semantic_review,True,False
direction,TD-4322a7fd235f,智能电网通信架构,3,249,N0250,Smart grid / Distributed computing / Smart meter,0.668566107749939,0.012280881404876709,automatic_candidate_needs_semantic_review,True,False
direction,TD-2786e9d66efb,电力线载波通信,1,420,N0421,Line (geometry) / Mathematics / Geometry,0.6697339415550232,0.004814803600311279,automatic_candidate_needs_semantic_review,True,False
direction,TD-2786e9d66efb,电力线载波通信,2,491,N0492,Function (biology) / Transfer function / Set (abstract data type),0.6649191379547119,0.004814803600311279,automatic_candidate_needs_semantic_review,True,False
direction,TD-2786e9d66efb,电力线载波通信,3,292,N0293,Transmission (telecommunications) / Transmission system / Power transmission,0.6641594767570496,0.004814803600311279,automatic_candidate_needs_semantic_review,True,False
direction,TD-40ab594e37cb,智能电表物联网与用能监测,1,463,N0464,Service (business) / Marketing / Telecommunications,0.6727022528648376,0.0032910704612731934,automatic_candidate_needs_semantic_review,True,False
direction,TD-40ab594e37cb,智能电表物联网与用能监测,2,249,N0250,Smart grid / Distributed computing / Smart meter,0.6694111824035645,0.0032910704612731934,automatic_candidate_needs_semantic_review,True,False
direction,TD-40ab594e37cb,智能电表物联网与用能监测,3,424,N0425,Systems engineering / Engineering / Automation,0.6673711538314819,0.0032910704612731934,automatic_candidate_needs_semantic_review,True,False
direction,TD-fe3f1fb32045,电力系统碳计量与低碳调度,1,491,N0492,Function (biology) / Transfer function / Set (abstract data type),0.7008843421936035,0.0026471614837646484,automatic_candidate_needs_semantic_review,True,False
direction,TD-fe3f1fb32045,电力系统碳计量与低碳调度,2,424,N0425,Systems engineering / Engineering / Automation,0.6982371807098389,0.0026471614837646484,automatic_candidate_needs_semantic_review,True,False
direction,TD-fe3f1fb32045,电力系统碳计量与低碳调度,3,497,N0498,Unit (ring theory) / Mathematics / Power system simulation,0.6962058544158936,0.0026471614837646484,automatic_candidate_needs_semantic_review,True,False
direction,TD-628efae86741,产消者能源交易,1,491,N0492,Function (biology) / Transfer function / Set (abstract data type),0.6446073055267334,0.004244446754455566,automatic_candidate_needs_semantic_review,True,False
direction,TD-628efae86741,产消者能源交易,2,455,N0456,Demand response / Peak demand / Load management,0.6403628587722778,0.004244446754455566,automatic_candidate_needs_semantic_review,True,False
direction,TD-628efae86741,产消者能源交易,3,497,N0498,Unit (ring theory) / Mathematics / Power system simulation,0.6348984837532043,0.004244446754455566,automatic_candidate_needs_semantic_review,True,False
direction,TD-cfad6e3bde00,电力交易竞价与市场优化,1,38,N0039,Electricity / Electricity market / Environmental economics,0.6850224733352661,0.006205141544342041,automatic_candidate_needs_semantic_review,True,False
direction,TD-cfad6e3bde00,电力交易竞价与市场优化,2,491,N0492,Function (biology) / Transfer function / Set (abstract data type),0.6788173317909241,0.006205141544342041,automatic_candidate_needs_semantic_review,True,False
direction,TD-cfad6e3bde00,电力交易竞价与市场优化,3,455,N0456,Demand response / Peak demand / Load management,0.6778392791748047,0.006205141544342041,automatic_candidate_needs_semantic_review,True,False
direction,TD-905121439b09,隔离型DC-DC变换器,1,149,N0150,Boost converter / Forward converter / Ćuk converter,0.6733062267303467,0.003096938133239746,automatic_candidate_needs_semantic_review,True,False
direction,TD-905121439b09,隔离型DC-DC变换器,2,110,N0111,Converters / Electronic engineering / Wave energy converter,0.6702092885971069,0.003096938133239746,automatic_candidate_needs_semantic_review,True,False
direction,TD-905121439b09,隔离型DC-DC变换器,3,307,N0308,Inductor / Duty cycle / Inductance,0.6509470343589783,0.003096938133239746,automatic_candidate_needs_semantic_review,True,False
direction,TD-06f19c1f19b4,非隔离DC-DC变换器,1,149,N0150,Boost converter / Forward converter / Ćuk converter,0.6722117066383362,0.000414431095123291,automatic_candidate_needs_semantic_review,True,False
direction,TD-06f19c1f19b4,非隔离DC-DC变换器,2,110,N0111,Converters / Electronic engineering / Wave energy converter,0.6717972755432129,0.000414431095123291,automatic_candidate_needs_semantic_review,True,False
direction,TD-06f19c1f19b4,非隔离DC-DC变换器,3,150,N0151,Buck converter / Buck–boost converter / Ćuk converter,0.6525082588195801,0.000414431095123291,automatic_candidate_needs_semantic_review,True,False
direction,TD-42a3fffc197f,谐振与软开关变换器,1,110,N0111,Converters / Electronic engineering / Wave energy converter,0.6489191651344299,0.00029021501541137695,automatic_candidate_needs_semantic_review,True,False
direction,TD-42a3fffc197f,谐振与软开关变换器,2,9,N0010,Control theory (sociology) / Voltage / Control (management),0.6486289501190186,0.00029021501541137695,automatic_candidate_needs_semantic_review,True,False
direction,TD-42a3fffc197f,谐振与软开关变换器,3,1,N0002,Engineering / Electrical engineering / Computer science,0.6479512453079224,0.00029021501541137695,automatic_candidate_needs_semantic_review,True,False
direction,TD-c5cd7e3451e6,功率因数校正电路与控制,1,491,N0492,Function (biology) / Transfer function / Set (abstract data type),0.6747263073921204,0.01517939567565918,automatic_candidate_needs_semantic_review,True,False
direction,TD-c5cd7e3451e6,功率因数校正电路与控制,2,195,N0196,Control (management) / Control engineering / Control system,0.6595469117164612,0.01517939567565918,automatic_candidate_needs_semantic_review,True,False
direction,TD-c5cd7e3451e6,功率因数校正电路与控制,3,1,N0002,Engineering / Electrical engineering / Computer science,0.6567344665527344,0.01517939567565918,automatic_candidate_needs_semantic_review,True,False
direction,TD-213c362872a8,多电平逆变器拓扑与调制,1,491,N0492,Function (biology) / Transfer function / Set (abstract data type),0.652105987071991,0.004394710063934326,automatic_candidate_needs_semantic_review,True,False
direction,TD-213c362872a8,多电平逆变器拓扑与调制,2,9,N0010,Control theory (sociology) / Voltage / Control (management),0.6477112770080566,0.004394710063934326,automatic_candidate_needs_semantic_review,True,False
direction,TD-213c362872a8,多电平逆变器拓扑与调制,3,46,N0047,Transformer / Distribution transformer / Voltage,0.6460131406784058,0.004394710063934326,automatic_candidate_needs_semantic_review,True,False
direction,TD-d81dec76672d,功率半导体器件,1,491,N0492,Function (biology) / Transfer function / Set (abstract data type),0.6632258296012878,0.00852888822555542,automatic_candidate_needs_semantic_review,True,False
direction,TD-d81dec76672d,功率半导体器件,2,419,N0420,Sequence (biology) / Symmetrical components / Ancient history,0.6546969413757324,0.00852888822555542,automatic_candidate_needs_semantic_review,True,False
direction,TD-d81dec76672d,功率半导体器件,3,1,N0002,Engineering / Electrical engineering / Computer science,0.6536574959754944,0.00852888822555542,automatic_candidate_needs_semantic_review,True,False
direction,TD-83f88c0ddc90,集成电路与功率模块封装,1,424,N0425,Systems engineering / Engineering / Automation,0.663780689239502,0.0035997629165649414,automatic_candidate_needs_semantic_review,True,False
direction,TD-83f88c0ddc90,集成电路与功率模块封装,2,235,N0236,Software / Operating system / Embedded system,0.660180926322937,0.0035997629165649414,automatic_candidate_needs_semantic_review,True,False
direction,TD-83f88c0ddc90,集成电路与功率模块封装,3,491,N0492,Function (biology) / Transfer function / Set (abstract data type),0.6596869826316833,0.0035997629165649414,automatic_candidate_needs_semantic_review,True,False
direction,TD-d11905f3d102,场效应晶体管结构与建模,1,491,N0492,Function (biology) / Transfer function / Set (abstract data type),0.6441919803619385,0.006882667541503906,automatic_candidate_needs_semantic_review,True,False
direction,TD-d11905f3d102,场效应晶体管结构与建模,2,126,N0127,Work (physics) / Mechanical engineering / Thermodynamics,0.6373093128204346,0.006882667541503906,automatic_candidate_needs_semantic_review,True,False
direction,TD-d11905f3d102,场效应晶体管结构与建模,3,185,N0186,Field (mathematics) / Electromagnetic field / Mathematics,0.6312168836593628,0.006882667541503906,automatic_candidate_needs_semantic_review,True,False
direction,TD-c1cc5752e863,FPGA实时控制与硬件实现,1,399,N0400,Embedded system / Field-programmable gate array / Computer hardware,0.6555774211883545,0.012752175331115723,automatic_candidate_needs_semantic_review,True,False
direction,TD-c1cc5752e863,FPGA实时控制与硬件实现,2,235,N0236,Software / Operating system / Embedded system,0.6428252458572388,0.012752175331115723,automatic_candidate_needs_semantic_review,True,False
direction,TD-c1cc5752e863,FPGA实时控制与硬件实现,3,195,N0196,Control (management) / Control engineering / Control system,0.6316138505935669,0.012752175331115723,automatic_candidate_needs_semantic_review,True,False
direction,TD-a117845f7d16,永磁电机磁路与结构设计,1,424,N0425,Systems engineering / Engineering / Automation,0.6337936520576477,0.0014508366584777832,automatic_candidate_needs_semantic_review,True,False
direction,TD-a117845f7d16,永磁电机磁路与结构设计,2,491,N0492,Function (biology) / Transfer function / Set (abstract data type),0.6323428153991699,0.0014508366584777832,automatic_candidate_needs_semantic_review,True,False
direction,TD-a117845f7d16,永磁电机磁路与结构设计,3,126,N0127,Work (physics) / Mechanical engineering / Thermodynamics,0.6250978708267212,0.0014508366584777832,automatic_candidate_needs_semantic_review,True,False
direction,TD-9bc34d5020d8,永磁同步电机控制,1,195,N0196,Control (management) / Control engineering / Control system,0.6464779376983643,0.014509022235870361,automatic_candidate_needs_semantic_review,True,False
direction,TD-9bc34d5020d8,永磁同步电机控制,2,491,N0492,Function (biology) / Transfer function / Set (abstract data type),0.6319689154624939,0.014509022235870361,automatic_candidate_needs_semantic_review,True,False
direction,TD-9bc34d5020d8,永磁同步电机控制,3,424,N0425,Systems engineering / Engineering / Automation,0.6276625394821167,0.014509022235870361,automatic_candidate_needs_semantic_review,True,False
direction,TD-6656c20f3646,感应电机运行控制与性能,1,195,N0196,Control (management) / Control engineering / Control system,0.6671332716941833,0.0072966814041137695,automatic_candidate_needs_semantic_review,True,False
direction,TD-6656c20f3646,感应电机运行控制与性能,2,491,N0492,Function (biology) / Transfer function / Set (abstract data type),0.6598365902900696,0.0072966814041137695,automatic_candidate_needs_semantic_review,True,False
direction,TD-6656c20f3646,感应电机运行控制与性能,3,424,N0425,Systems engineering / Engineering / Automation,0.6567018032073975,0.0072966814041137695,automatic_candidate_needs_semantic_review,True,False
direction,TD-6ca64ea6b612,电机转矩脉动抑制,1,180,N0181,Torque / Induction motor / Direct torque control,0.6527485847473145,0.002462625503540039,automatic_candidate_needs_semantic_review,True,False
direction,TD-6ca64ea6b612,电机转矩脉动抑制,2,9,N0010,Control theory (sociology) / Voltage / Control (management),0.6502859592437744,0.002462625503540039,automatic_candidate_needs_semantic_review,True,False
direction,TD-6ca64ea6b612,电机转矩脉动抑制,3,322,N0323,Stator / Rotor (electric) / Induction generator,0.6492646932601929,0.002462625503540039,automatic_candidate_needs_semantic_review,True,False
direction,TD-29c634172dd1,电机驱动PWM与谐波控制,1,491,N0492,Function (biology) / Transfer function / Set (abstract data type),0.6667039394378662,0.004356682300567627,automatic_candidate_needs_semantic_review,True,False
direction,TD-29c634172dd1,电机驱动PWM与谐波控制,2,195,N0196,Control (management) / Control engineering / Control system,0.6623472571372986,0.004356682300567627,automatic_candidate_needs_semantic_review,True,False
direction,TD-29c634172dd1,电机驱动PWM与谐波控制,3,322,N0323,Stator / Rotor (electric) / Induction generator,0.6543080806732178,0.004356682300567627,automatic_candidate_needs_semantic_review,True,False
direction,TD-0404dcecc6d5,电机转子结构与制造,1,491,N0492,Function (biology) / Transfer function / Set (abstract data type),0.639600932598114,0.0030864477157592773,automatic_candidate_needs_semantic_review,True,False
direction,TD-0404dcecc6d5,电机转子结构与制造,2,126,N0127,Work (physics) / Mechanical engineering / Thermodynamics,0.6365144848823547,0.0030864477157592773,automatic_candidate_needs_semantic_review,True,False
direction,TD-0404dcecc6d5,电机转子结构与制造,3,424,N0425,Systems engineering / Engineering / Automation,0.6349384784698486,0.0030864477157592773,automatic_candidate_needs_semantic_review,True,False
direction,TD-f8866cdda90d,电机定子结构与制造,1,491,N0492,Function (biology) / Transfer function / Set (abstract data type),0.6535269618034363,0.010481536388397217,automatic_candidate_needs_semantic_review,True,False
direction,TD-f8866cdda90d,电机定子结构与制造,2,424,N0425,Systems engineering / Engineering / Automation,0.6430454254150391,0.010481536388397217,automatic_candidate_needs_semantic_review,True,False
direction,TD-f8866cdda90d,电机定子结构与制造,3,126,N0127,Work (physics) / Mechanical engineering / Thermodynamics,0.6428096294403076,0.010481536388397217,automatic_candidate_needs_semantic_review,True,False
direction,TD-facf3b1e7373,电机绕组与线圈制造,1,491,N0492,Function (biology) / Transfer function / Set (abstract data type),0.6482991576194763,0.002526223659515381,automatic_candidate_needs_semantic_review,True,False
direction,TD-facf3b1e7373,电机绕组与线圈制造,2,424,N0425,Systems engineering / Engineering / Automation,0.6457729339599609,0.002526223659515381,automatic_candidate_needs_semantic_review,True,False
direction,TD-facf3b1e7373,电机绕组与线圈制造,3,126,N0127,Work (physics) / Mechanical engineering / Thermodynamics,0.6416743993759155,0.002526223659515381,automatic_candidate_needs_semantic_review,True,False
direction,TD-d79e7a1f9260,电池盖板、端子与密封结构,1,424,N0425,Systems engineering / Engineering / Automation,0.6592583060264587,0.0009484291076660156,automatic_candidate_needs_semantic_review,True,False
direction,TD-d79e7a1f9260,电池盖板、端子与密封结构,2,491,N0492,Function (biology) / Transfer function / Set (abstract data type),0.6583098769187927,0.0009484291076660156,automatic_candidate_needs_semantic_review,True,False
direction,TD-d79e7a1f9260,电池盖板、端子与密封结构,3,126,N0127,Work (physics) / Mechanical engineering / Thermodynamics,0.6564717292785645,0.0009484291076660156,automatic_candidate_needs_semantic_review,True,False
direction,TD-d05afee7dc4f,电池模组与电池包装配结构,1,424,N0425,Systems engineering / Engineering / Automation,0.6699573397636414,0.0003063082695007324,automatic_candidate_needs_semantic_review,True,False
direction,TD-d05afee7dc4f,电池模组与电池包装配结构,2,491,N0492,Function (biology) / Transfer function / Set (abstract data type),0.6696510314941406,0.0003063082695007324,automatic_candidate_needs_semantic_review,True,False
direction,TD-d05afee7dc4f,电池模组与电池包装配结构,3,33,N0034,Battery (electricity) / Lithium-ion battery / Battery pack,0.6688474416732788,0.0003063082695007324,automatic_candidate_needs_semantic_review,True,False
direction,TD-86d7957876ba,电池装配工装与制造设备,1,424,N0425,Systems engineering / Engineering / Automation,0.6791054010391235,0.009298443794250488,automatic_candidate_needs_semantic_review,True,False
direction,TD-86d7957876ba,电池装配工装与制造设备,2,463,N0464,Service (business) / Marketing / Telecommunications,0.669806957244873,0.009298443794250488,automatic_candidate_needs_semantic_review,True,False
direction,TD-86d7957876ba,电池装配工装与制造设备,3,491,N0492,Function (biology) / Transfer function / Set (abstract data type),0.6679980754852295,0.009298443794250488,automatic_candidate_needs_semantic_review,True,False
direction,TD-cf2af8ae4a11,电池电极涂布与辊压,1,33,N0034,Battery (electricity) / Lithium-ion battery / Battery pack,0.6688737273216248,0.002958059310913086,automatic_candidate_needs_semantic_review,True,False
direction,TD-cf2af8ae4a11,电池电极涂布与辊压,2,255,N0256,Charge (physics) / Physics / Chemical physics,0.6659156680107117,0.002958059310913086,automatic_candidate_needs_semantic_review,True,False
direction,TD-cf2af8ae4a11,电池电极涂布与辊压,3,1,N0002,Engineering / Electrical engineering / Computer science,0.6568199992179871,0.002958059310913086,automatic_candidate_needs_semantic_review,True,False
direction,TD-c8df26ed5e91,电池极耳焊接,1,1,N0002,Engineering / Electrical engineering / Computer science,0.6050043106079102,0.0011417865753173828,automatic_candidate_needs_semantic_review,True,False
direction,TD-c8df26ed5e91,电池极耳焊接,2,126,N0127,Work (physics) / Mechanical engineering / Thermodynamics,0.6038625240325928,0.0011417865753173828,automatic_candidate_needs_semantic_review,True,False
direction,TD-c8df26ed5e91,电池极耳焊接,3,463,N0464,Service (business) / Marketing / Telecommunications,0.6014539003372192,0.0011417865753173828,automatic_candidate_needs_semantic_review,True,False
direction,TD-ae533cb41aff,电缆绝缘护套与导体结构,1,440,N0441,Forensic engineering / Engineering / Thermal runaway,0.6443876624107361,0.0051590800285339355,automatic_candidate_needs_semantic_review,True,False
direction,TD-ae533cb41aff,电缆绝缘护套与导体结构,2,1,N0002,Engineering / Electrical engineering / Computer science,0.6392285823822021,0.0051590800285339355,automatic_candidate_needs_semantic_review,True,False
direction,TD-ae533cb41aff,电缆绝缘护套与导体结构,3,126,N0127,Work (physics) / Mechanical engineering / Thermodynamics,0.6391187310218811,0.0051590800285339355,automatic_candidate_needs_semantic_review,True,False
direction,TD-4f1200a90d0f,电缆桥架与线束支撑,1,463,N0464,Service (business) / Marketing / Telecommunications,0.6528886556625366,0.0007966160774230957,automatic_candidate_needs_semantic_review,True,False
direction,TD-4f1200a90d0f,电缆桥架与线束支撑,2,491,N0492,Function (biology) / Transfer function / Set (abstract data type),0.6520920395851135,0.0007966160774230957,automatic_candidate_needs_semantic_review,True,False
direction,TD-4f1200a90d0f,电缆桥架与线束支撑,3,1,N0002,Engineering / Electrical engineering / Computer science,0.6466684937477112,0.0007966160774230957,automatic_candidate_needs_semantic_review,True,False
direction,TD-2c9ee4cd206a,电连接器与接线端子,1,1,N0002,Engineering / Electrical engineering / Computer science,0.6434965133666992,0.003787398338317871,automatic_candidate_needs_semantic_review,True,False
direction,TD-2c9ee4cd206a,电连接器与接线端子,2,463,N0464,Service (business) / Marketing / Telecommunications,0.6397091150283813,0.003787398338317871,automatic_candidate_needs_semantic_review,True,False
direction,TD-2c9ee4cd206a,电连接器与接线端子,3,491,N0492,Function (biology) / Transfer function / Set (abstract data type),0.6325697302818298,0.003787398338317871,automatic_candidate_needs_semantic_review,True,False
direction,TD-08775d2fc54d,电气设备风冷散热,1,126,N0127,Work (physics) / Mechanical engineering / Thermodynamics,0.6591182947158813,0.005883336067199707,automatic_candidate_needs_semantic_review,True,False
direction,TD-08775d2fc54d,电气设备风冷散热,2,497,N0498,Unit (ring theory) / Mathematics / Power system simulation,0.6532349586486816,0.005883336067199707,automatic_candidate_needs_semantic_review,True,False
direction,TD-08775d2fc54d,电气设备风冷散热,3,463,N0464,Service (business) / Marketing / Telecommunications,0.6495196223258972,0.005883336067199707,automatic_candidate_needs_semantic_review,True,False
direction,TD-de6f2bccd5a9,电气设备液冷散热,1,126,N0127,Work (physics) / Mechanical engineering / Thermodynamics,0.650109052658081,0.005614876747131348,automatic_candidate_needs_semantic_review,True,False
direction,TD-de6f2bccd5a9,电气设备液冷散热,2,497,N0498,Unit (ring theory) / Mathematics / Power system simulation,0.6444941759109497,0.005614876747131348,automatic_candidate_needs_semantic_review,True,False
direction,TD-de6f2bccd5a9,电气设备液冷散热,3,440,N0441,Forensic engineering / Engineering / Thermal runaway,0.6413146257400513,0.005614876747131348,automatic_candidate_needs_semantic_review,True,False
direction,TD-3599956c13ce,电气设备温度监测与控制,1,424,N0425,Systems engineering / Engineering / Automation,0.6683704853057861,0.0004685521125793457,automatic_candidate_needs_semantic_review,True,False
direction,TD-3599956c13ce,电气设备温度监测与控制,2,126,N0127,Work (physics) / Mechanical engineering / Thermodynamics,0.6679019331932068,0.0004685521125793457,automatic_candidate_needs_semantic_review,True,False
direction,TD-3599956c13ce,电气设备温度监测与控制,3,497,N0498,Unit (ring theory) / Mathematics / Power system simulation,0.6636704802513123,0.0004685521125793457,automatic_candidate_needs_semantic_review,True,False
direction,TD-7fe3183ccd8d,温度传感与测量装置,1,126,N0127,Work (physics) / Mechanical engineering / Thermodynamics,0.6596240401268005,0.0026656389236450195,automatic_candidate_needs_semantic_review,True,False
direction,TD-7fe3183ccd8d,温度传感与测量装置,2,424,N0425,Systems engineering / Engineering / Automation,0.6569584012031555,0.0026656389236450195,automatic_candidate_needs_semantic_review,True,False
direction,TD-7fe3183ccd8d,温度传感与测量装置,3,491,N0492,Function (biology) / Transfer function / Set (abstract data type),0.6529622673988342,0.0026656389236450195,automatic_candidate_needs_semantic_review,True,False
direction,TD-18b5e8b3071f,电流检测与测量电路,1,491,N0492,Function (biology) / Transfer function / Set (abstract data type),0.6656383275985718,0.0012279152870178223,automatic_candidate_needs_semantic_review,True,False
direction,TD-18b5e8b3071f,电流检测与测量电路,2,1,N0002,Engineering / Electrical engineering / Computer science,0.664410412311554,0.0012279152870178223,automatic_candidate_needs_semantic_review,True,False
direction,TD-18b5e8b3071f,电流检测与测量电路,3,393,N0394,Test (biology) / Morphology (biology) / Test bench,0.6598546504974365,0.0012279152870178223,automatic_candidate_needs_semantic_review,True,False
direction,TD-68f057525811,电压检测与测量电路,1,491,N0492,Function (biology) / Transfer function / Set (abstract data type),0.6650953888893127,0.0011846423149108887,automatic_candidate_needs_semantic_review,True,False
direction,TD-68f057525811,电压检测与测量电路,2,1,N0002,Engineering / Electrical engineering / Computer science,0.6639107465744019,0.0011846423149108887,automatic_candidate_needs_semantic_review,True,False
direction,TD-68f057525811,电压检测与测量电路,3,393,N0394,Test (biology) / Morphology (biology) / Test bench,0.6638476848602295,0.0011846423149108887,automatic_candidate_needs_semantic_review,True,False
direction,TD-e175ccb8c804,浪涌与过压保护电路,1,1,N0002,Engineering / Electrical engineering / Computer science,0.6668272018432617,0.00547558069229126,automatic_candidate_needs_semantic_review,True,False
direction,TD-e175ccb8c804,浪涌与过压保护电路,2,491,N0492,Function (biology) / Transfer function / Set (abstract data type),0.6613516211509705,0.00547558069229126,automatic_candidate_needs_semantic_review,True,False
direction,TD-e175ccb8c804,浪涌与过压保护电路,3,195,N0196,Control (management) / Control engineering / Control system,0.657569169998169,0.00547558069229126,automatic_candidate_needs_semantic_review,True,False
direction,TD-44e86742f670,漏电与剩余电流保护,1,463,N0464,Service (business) / Marketing / Telecommunications,0.667754054069519,0.0005956888198852539,automatic_candidate_needs_semantic_review,True,False
direction,TD-44e86742f670,漏电与剩余电流保护,2,1,N0002,Engineering / Electrical engineering / Computer science,0.6671583652496338,0.0005956888198852539,automatic_candidate_needs_semantic_review,True,False
direction,TD-44e86742f670,漏电与剩余电流保护,3,491,N0492,Function (biology) / Transfer function / Set (abstract data type),0.6650066375732422,0.0005956888198852539,automatic_candidate_needs_semantic_review,True,False
direction,TD-e7d3fda1fd62,光伏清扫机器人,1,463,N0464,Service (business) / Marketing / Telecommunications,0.6255884170532227,0.003977537155151367,automatic_candidate_needs_semantic_review,True,False
direction,TD-e7d3fda1fd62,光伏清扫机器人,2,424,N0425,Systems engineering / Engineering / Automation,0.6216108798980713,0.003977537155151367,automatic_candidate_needs_semantic_review,True,False
direction,TD-e7d3fda1fd62,光伏清扫机器人,3,491,N0492,Function (biology) / Transfer function / Set (abstract data type),0.6202336549758911,0.003977537155151367,automatic_candidate_needs_semantic_review,True,False
direction,TD-df1b6f1cafeb,变电站巡检机器人,1,419,N0420,Sequence (biology) / Symmetrical components / Ancient history,0.6469020843505859,0.001367032527923584,automatic_candidate_needs_semantic_review,True,False
direction,TD-df1b6f1cafeb,变电站巡检机器人,2,491,N0492,Function (biology) / Transfer function / Set (abstract data type),0.6455350518226624,0.001367032527923584,automatic_candidate_needs_semantic_review,True,False
direction,TD-df1b6f1cafeb,变电站巡检机器人,3,1,N0002,Engineering / Electrical engineering / Computer science,0.6440203189849854,0.001367032527923584,automatic_candidate_needs_semantic_review,True,False
direction,TD-883baafccc54,风能资源评估与选址,1,15,N0016,Wind power / Wind speed / Induction generator,0.6972315311431885,0.027590811252593994,automatic_candidate_needs_semantic_review,True,False
direction,TD-883baafccc54,风能资源评估与选址,2,437,N0438,Operations research / Probabilistic logic / Analytic hierarchy process,0.6696407198905945,0.027590811252593994,automatic_candidate_needs_semantic_review,True,False
direction,TD-883baafccc54,风能资源评估与选址,3,431,N0432,Resource (disambiguation) / Natural resource / Natural resource economics,0.6687993407249451,0.027590811252593994,automatic_candidate_needs_semantic_review,True,False
direction,TD-e7323257ad6a,漂浮式海上风电平台,1,194,N0195,Offshore wind power / Submarine pipeline / Marine engineering,0.695846676826477,0.03341948986053467,automatic_candidate_needs_semantic_review,True,False
direction,TD-e7323257ad6a,漂浮式海上风电平台,2,90,N0091,Current (fluid) / Tidal power / Tidal current,0.6624271869659424,0.03341948986053467,automatic_candidate_needs_semantic_review,True,False
direction,TD-e7323257ad6a,漂浮式海上风电平台,3,15,N0016,Wind power / Wind speed / Induction generator,0.654324471950531,0.03341948986053467,automatic_candidate_needs_semantic_review,True,False
direction,TD-1d0d65a01058,波浪能转换装置,1,419,N0420,Sequence (biology) / Symmetrical components / Ancient history,0.6471434235572815,0.0006733536720275879,automatic_candidate_needs_semantic_review,True,False
direction,TD-1d0d65a01058,波浪能转换装置,2,491,N0492,Function (biology) / Transfer function / Set (abstract data type),0.6464700698852539,0.0006733536720275879,automatic_candidate_needs_semantic_review,True,False
direction,TD-1d0d65a01058,波浪能转换装置,3,110,N0111,Converters / Electronic engineering / Wave energy converter,0.6406599283218384,0.0006733536720275879,automatic_candidate_needs_semantic_review,True,False
direction,TD-3d2da1f71b6c,水电站运行调度,1,463,N0464,Service (business) / Marketing / Telecommunications,0.6654393076896667,0.0021953582763671875,automatic_candidate_needs_semantic_review,True,False
direction,TD-3d2da1f71b6c,水电站运行调度,2,320,N0321,Hydropower / Hydroelectricity / Small hydro,0.6632439494132996,0.0021953582763671875,automatic_candidate_needs_semantic_review,True,False
direction,TD-3d2da1f71b6c,水电站运行调度,3,497,N0498,Unit (ring theory) / Mathematics / Power system simulation,0.6624470353126526,0.0021953582763671875,automatic_candidate_needs_semantic_review,True,False
direction,TD-596895e3bbb4,水轮机性能与设计,1,126,N0127,Work (physics) / Mechanical engineering / Thermodynamics,0.6512620449066162,0.0024291276931762695,automatic_candidate_needs_semantic_review,True,False
direction,TD-596895e3bbb4,水轮机性能与设计,2,491,N0492,Function (biology) / Transfer function / Set (abstract data type),0.6488329172134399,0.0024291276931762695,automatic_candidate_needs_semantic_review,True,False
direction,TD-596895e3bbb4,水轮机性能与设计,3,424,N0425,Systems engineering / Engineering / Automation,0.6453021764755249,0.0024291276931762695,automatic_candidate_needs_semantic_review,True,False
direction,TD-7658a8d56ac8,制冷工质及其热物性,1,126,N0127,Work (physics) / Mechanical engineering / Thermodynamics,0.6561997532844543,0.018334388732910156,automatic_candidate_needs_semantic_review,True,False
direction,TD-7658a8d56ac8,制冷工质及其热物性,2,11,N0012,Renewable energy / Thermodynamics / Automotive engineering,0.6378653645515442,0.018334388732910156,automatic_candidate_needs_semantic_review,True,False
direction,TD-7658a8d56ac8,制冷工质及其热物性,3,86,N0087,Process (computing) / Process engineering / Engineering,0.637085497379303,0.018334388732910156,automatic_candidate_needs_semantic_review,True,False
direction,TD-ec2e2bfdd456,蒸汽压缩制冷循环,1,126,N0127,Work (physics) / Mechanical engineering / Thermodynamics,0.6418070197105408,0.005012810230255127,automatic_candidate_needs_semantic_review,True,False
direction,TD-ec2e2bfdd456,蒸汽压缩制冷循环,2,491,N0492,Function (biology) / Transfer function / Set (abstract data type),0.6367942094802856,0.005012810230255127,automatic_candidate_needs_semantic_review,True,False
direction,TD-ec2e2bfdd456,蒸汽压缩制冷循环,3,86,N0087,Process (computing) / Process engineering / Engineering,0.6338599324226379,0.005012810230255127,automatic_candidate_needs_semantic_review,True,False
direction,TD-329be0a65eee,吸收式制冷循环,1,126,N0127,Work (physics) / Mechanical engineering / Thermodynamics,0.6482666730880737,0.002682924270629883,automatic_candidate_needs_semantic_review,True,False
direction,TD-329be0a65eee,吸收式制冷循环,2,376,N0377,Condenser (optics) / Evaporator / Heat pipe,0.6455837488174438,0.002682924270629883,automatic_candidate_needs_semantic_review,True,False
direction,TD-329be0a65eee,吸收式制冷循环,3,491,N0492,Function (biology) / Transfer function / Set (abstract data type),0.6445103883743286,0.002682924270629883,automatic_candidate_needs_semantic_review,True,False
direction,TD-596062ed97ef,吸附式制冷循环,1,126,N0127,Work (physics) / Mechanical engineering / Thermodynamics,0.6520670056343079,0.002174556255340576,automatic_candidate_needs_semantic_review,True,False
direction,TD-596062ed97ef,吸附式制冷循环,2,491,N0492,Function (biology) / Transfer function / Set (abstract data type),0.6498924493789673,0.002174556255340576,automatic_candidate_needs_semantic_review,True,False
direction,TD-596062ed97ef,吸附式制冷循环,3,376,N0377,Condenser (optics) / Evaporator / Heat pipe,0.6444651484489441,0.002174556255340576,automatic_candidate_needs_semantic_review,True,False
direction,TD-02cdccbb18d4,区域供热供冷系统,1,497,N0498,Unit (ring theory) / Mathematics / Power system simulation,0.6525017023086548,0.011004328727722168,automatic_candidate_needs_semantic_review,True,False
direction,TD-02cdccbb18d4,区域供热供冷系统,2,463,N0464,Service (business) / Marketing / Telecommunications,0.6414973735809326,0.011004328727722168,automatic_candidate_needs_semantic_review,True,False
direction,TD-02cdccbb18d4,区域供热供冷系统,3,491,N0492,Function (biology) / Transfer function / Set (abstract data type),0.640538215637207,0.011004328727722168,automatic_candidate_needs_semantic_review,True,False
direction,TD-98a6a5c8a829,地源热泵与地埋换热器,1,441,N0442,Heat pump / Coefficient of performance / Air source heat pumps,0.658530592918396,0.0008221864700317383,automatic_candidate_needs_semantic_review,True,False
direction,TD-98a6a5c8a829,地源热泵与地埋换热器,2,156,N0157,Heat exchanger / Mechanical engineering / Heat transfer,0.6577084064483643,0.0008221864700317383,automatic_candidate_needs_semantic_review,True,False
direction,TD-98a6a5c8a829,地源热泵与地埋换热器,3,497,N0498,Unit (ring theory) / Mathematics / Power system simulation,0.6451692581176758,0.0008221864700317383,automatic_candidate_needs_semantic_review,True,False
direction,TD-9f5c36c5c5f8,空气源热泵,1,497,N0498,Unit (ring theory) / Mathematics / Power system simulation,0.6512260437011719,0.002389192581176758,automatic_candidate_needs_semantic_review,True,False
direction,TD-9f5c36c5c5f8,空气源热泵,2,126,N0127,Work (physics) / Mechanical engineering / Thermodynamics,0.6488368511199951,0.002389192581176758,automatic_candidate_needs_semantic_review,True,False
direction,TD-9f5c36c5c5f8,空气源热泵,3,441,N0442,Heat pump / Coefficient of performance / Air source heat pumps,0.6432831287384033,0.002389192581176758,automatic_candidate_needs_semantic_review,True,False
direction,TD-2598e06a957d,有机朗肯循环发电,1,240,N0241,Organic Rankine cycle / Degree Rankine / Working fluid,0.6336485147476196,0.010198473930358887,automatic_candidate_needs_semantic_review,True,False
direction,TD-2598e06a957d,有机朗肯循环发电,2,419,N0420,Sequence (biology) / Symmetrical components / Ancient history,0.6234500408172607,0.010198473930358887,automatic_candidate_needs_semantic_review,True,False
direction,TD-2598e06a957d,有机朗肯循环发电,3,118,N0119,Production (economics) / Payback period / Engineering,0.6225444078445435,0.010198473930358887,automatic_candidate_needs_semantic_review,True,False
direction,TD-b14f25e746ef,超临界二氧化碳布雷顿循环,1,126,N0127,Work (physics) / Mechanical engineering / Thermodynamics,0.6518546342849731,0.00022834539413452148,automatic_candidate_needs_semantic_review,True,False
direction,TD-b14f25e746ef,超临界二氧化碳布雷顿循环,2,491,N0492,Function (biology) / Transfer function / Set (abstract data type),0.6516262888908386,0.00022834539413452148,automatic_candidate_needs_semantic_review,True,False
direction,TD-b14f25e746ef,超临界二氧化碳布雷顿循环,3,95,N0096,Nuclear engineering / Fusion power / Blanket,0.6441650986671448,0.00022834539413452148,automatic_candidate_needs_semantic_review,True,False
direction,TD-1e53e878b4b1,潜热储热系统,1,497,N0498,Unit (ring theory) / Mathematics / Power system simulation,0.651887834072113,0.002042055130004883,automatic_candidate_needs_semantic_review,True,False
direction,TD-1e53e878b4b1,潜热储热系统,2,126,N0127,Work (physics) / Mechanical engineering / Thermodynamics,0.6498457789421082,0.002042055130004883,automatic_candidate_needs_semantic_review,True,False
direction,TD-1e53e878b4b1,潜热储热系统,3,60,N0061,Energy storage / Electrochemical energy storage / Process engineering,0.649256706237793,0.002042055130004883,automatic_candidate_needs_semantic_review,True,False
direction,TD-08d69eb878ce,热化学储热系统,1,126,N0127,Work (physics) / Mechanical engineering / Thermodynamics,0.6429459452629089,0.002862274646759033,automatic_candidate_needs_semantic_review,True,False
direction,TD-08d69eb878ce,热化学储热系统,2,60,N0061,Energy storage / Electrochemical energy storage / Process engineering,0.6400836706161499,0.002862274646759033,automatic_candidate_needs_semantic_review,True,False
direction,TD-08d69eb878ce,热化学储热系统,3,86,N0087,Process (computing) / Process engineering / Engineering,0.6400116086006165,0.002862274646759033,automatic_candidate_needs_semantic_review,True,False
direction,TD-b93e9651484a,换热器结构与传热强化,1,126,N0127,Work (physics) / Mechanical engineering / Thermodynamics,0.679774284362793,0.001177668571472168,automatic_candidate_needs_semantic_review,True,False
direction,TD-b93e9651484a,换热器结构与传热强化,2,497,N0498,Unit (ring theory) / Mathematics / Power system simulation,0.6785966157913208,0.001177668571472168,automatic_candidate_needs_semantic_review,True,False
direction,TD-b93e9651484a,换热器结构与传热强化,3,156,N0157,Heat exchanger / Mechanical engineering / Heat transfer,0.6737079620361328,0.001177668571472168,automatic_candidate_needs_semantic_review,True,False
direction,TD-d453a3ccd271,建筑冷却与被动降温,1,126,N0127,Work (physics) / Mechanical engineering / Thermodynamics,0.6722286939620972,0.002875387668609619,automatic_candidate_needs_semantic_review,True,False
direction,TD-d453a3ccd271,建筑冷却与被动降温,2,408,N0409,HVAC / Air conditioning / Ventilation (architecture),0.6693533062934875,0.002875387668609619,automatic_candidate_needs_semantic_review,True,False
direction,TD-d453a3ccd271,建筑冷却与被动降温,3,497,N0498,Unit (ring theory) / Mathematics / Power system simulation,0.6670652627944946,0.002875387668609619,automatic_candidate_needs_semantic_review,True,False
direction,TD-9b2981df91df,建筑节能改造,1,336,N0337,Efficient energy use / Energy conservation / Energy accounting,0.6979275941848755,0.0009429454803466797,automatic_candidate_needs_semantic_review,True,False
direction,TD-9b2981df91df,建筑节能改造,2,309,N0310,Architectural engineering / Civil engineering / Zero-energy building,0.6969846487045288,0.0009429454803466797,automatic_candidate_needs_semantic_review,True,False
direction,TD-9b2981df91df,建筑节能改造,3,102,N0103,Energy consumption / Environmental economics / Consumption (sociology),0.6870524287223816,0.0009429454803466797,automatic_candidate_needs_semantic_review,True,False
direction,TD-44fbc5c40475,建筑暖通空调能耗,1,309,N0310,Architectural engineering / Civil engineering / Zero-energy building,0.6305505633354187,0.002328336238861084,automatic_candidate_needs_semantic_review,True,False
direction,TD-44fbc5c40475,建筑暖通空调能耗,2,408,N0409,HVAC / Air conditioning / Ventilation (architecture),0.6282222270965576,0.002328336238861084,automatic_candidate_needs_semantic_review,True,False
direction,TD-44fbc5c40475,建筑暖通空调能耗,3,102,N0103,Energy consumption / Environmental economics / Consumption (sociology),0.6212264895439148,0.002328336238861084,automatic_candidate_needs_semantic_review,True,False
direction,TD-6ae1792aeda6,工业能源审计与节能评估,1,336,N0337,Efficient energy use / Energy conservation / Energy accounting,0.6613841652870178,0.007125735282897949,automatic_candidate_needs_semantic_review,True,False
direction,TD-6ae1792aeda6,工业能源审计与节能评估,2,102,N0103,Energy consumption / Environmental economics / Consumption (sociology),0.6542584300041199,0.007125735282897949,automatic_candidate_needs_semantic_review,True,False
direction,TD-6ae1792aeda6,工业能源审计与节能评估,3,463,N0464,Service (business) / Marketing / Telecommunications,0.654228150844574,0.007125735282897949,automatic_candidate_needs_semantic_review,True,False
direction,TD-4bde32b15551,地热资源勘探与储层建模,1,254,N0255,Geothermal gradient / Geothermal energy / Geothermal power,0.6518272161483765,0.007083892822265625,automatic_candidate_needs_semantic_review,True,False
direction,TD-4bde32b15551,地热资源勘探与储层建模,2,431,N0432,Resource (disambiguation) / Natural resource / Natural resource economics,0.6447433233261108,0.007083892822265625,automatic_candidate_needs_semantic_review,True,False
direction,TD-4bde32b15551,地热资源勘探与储层建模,3,126,N0127,Work (physics) / Mechanical engineering / Thermodynamics,0.6418539881706238,0.007083892822265625,automatic_candidate_needs_semantic_review,True,False
direction,TD-a161d7412a36,地热供热与发电利用,1,254,N0255,Geothermal gradient / Geothermal energy / Geothermal power,0.6364481449127197,0.0009392499923706055,automatic_candidate_needs_semantic_review,True,False
direction,TD-a161d7412a36,地热供热与发电利用,2,497,N0498,Unit (ring theory) / Mathematics / Power system simulation,0.6355088949203491,0.0009392499923706055,automatic_candidate_needs_semantic_review,True,False
direction,TD-a161d7412a36,地热供热与发电利用,3,126,N0127,Work (physics) / Mechanical engineering / Thermodynamics,0.634293794631958,0.0009392499923706055,automatic_candidate_needs_semantic_review,True,False
direction,TD-c5fc2da0880a,燃气轮机热力性能,1,126,N0127,Work (physics) / Mechanical engineering / Thermodynamics,0.6265530586242676,0.0038748979568481445,automatic_candidate_needs_semantic_review,True,False
direction,TD-c5fc2da0880a,燃气轮机热力性能,2,412,N0413,Boiler (water heating) / Engineering / Mechanical engineering,0.6226781606674194,0.0038748979568481445,automatic_candidate_needs_semantic_review,True,False
direction,TD-c5fc2da0880a,燃气轮机热力性能,3,23,N0024,Automotive engineering / Powertrain / Engineering,0.6203238368034363,0.0038748979568481445,automatic_candidate_needs_semantic_review,True,False
direction,TD-a2187922e0f3,柴油机燃烧与排放,1,350,N0351,Diesel fuel / Diesel engine / Biodiesel,0.656250536441803,0.015154778957366943,automatic_candidate_needs_semantic_review,True,False
direction,TD-a2187922e0f3,柴油机燃烧与排放,2,64,N0065,Combustion / Waste management / Combustor,0.641095757484436,0.015154778957366943,automatic_candidate_needs_semantic_review,True,False
direction,TD-a2187922e0f3,柴油机燃烧与排放,3,126,N0127,Work (physics) / Mechanical engineering / Thermodynamics,0.6331546306610107,0.015154778957366943,automatic_candidate_needs_semantic_review,True,False
direction,TD-d11b0288301f,双燃料发动机,1,483,N0484,Dual (grammatical number) / Point (geometry) / Permeation,0.6434299349784851,0.001673281192779541,automatic_candidate_needs_semantic_review,True,False
direction,TD-d11b0288301f,双燃料发动机,2,23,N0024,Automotive engineering / Powertrain / Engineering,0.6417566537857056,0.001673281192779541,automatic_candidate_needs_semantic_review,True,False
direction,TD-d11b0288301f,双燃料发动机,3,497,N0498,Unit (ring theory) / Mathematics / Power system simulation,0.6379069089889526,0.001673281192779541,automatic_candidate_needs_semantic_review,True,False
direction,TD-d0e5e393a30a,电站锅炉运行与燃烧,1,497,N0498,Unit (ring theory) / Mathematics / Power system simulation,0.6301167607307434,0.001285552978515625,automatic_candidate_needs_semantic_review,True,False
direction,TD-d0e5e393a30a,电站锅炉运行与燃烧,2,412,N0413,Boiler (water heating) / Engineering / Mechanical engineering,0.6288312077522278,0.001285552978515625,automatic_candidate_needs_semantic_review,True,False
direction,TD-d0e5e393a30a,电站锅炉运行与燃烧,3,126,N0127,Work (physics) / Mechanical engineering / Thermodynamics,0.6233510375022888,0.001285552978515625,automatic_candidate_needs_semantic_review,True,False
direction,TD-b78d4eea4b36,汽轮机运行与热力性能,1,126,N0127,Work (physics) / Mechanical engineering / Thermodynamics,0.6505959033966064,0.009365379810333252,automatic_candidate_needs_semantic_review,True,False
direction,TD-b78d4eea4b36,汽轮机运行与热力性能,2,497,N0498,Unit (ring theory) / Mathematics / Power system simulation,0.6412305235862732,0.009365379810333252,automatic_candidate_needs_semantic_review,True,False
direction,TD-b78d4eea4b36,汽轮机运行与热力性能,3,23,N0024,Automotive engineering / Powertrain / Engineering,0.6379258632659912,0.009365379810333252,automatic_candidate_needs_semantic_review,True,False
direction,TD-c2cf8c36b018,煤气化工艺与反应,1,86,N0087,Process (computing) / Process engineering / Engineering,0.6177072525024414,0.006051480770111084,automatic_candidate_needs_semantic_review,True,False
direction,TD-c2cf8c36b018,煤气化工艺与反应,2,64,N0065,Combustion / Waste management / Combustor,0.6116557717323303,0.006051480770111084,automatic_candidate_needs_semantic_review,True,False
direction,TD-c2cf8c36b018,煤气化工艺与反应,3,126,N0127,Work (physics) / Mechanical engineering / Thermodynamics,0.6084555387496948,0.006051480770111084,automatic_candidate_needs_semantic_review,True,False
direction,TD-299bb7ce68c5,天然气水合物生成与分解,1,191,N0192,Natural gas / Natural (archaeology) / Waste management,0.6332939863204956,0.012980818748474121,automatic_candidate_needs_semantic_review,True,False
direction,TD-299bb7ce68c5,天然气水合物生成与分解,2,326,N0327,Petroleum engineering / Oil shale / Permeability (electromagnetism),0.6203131675720215,0.012980818748474121,automatic_candidate_needs_semantic_review,True,False
direction,TD-299bb7ce68c5,天然气水合物生成与分解,3,230,N0231,Syngas / Wood gas generator / Waste management,0.6160630583763123,0.012980818748474121,automatic_candidate_needs_semantic_review,True,False
direction,TD-22394d0dc347,天然气管网优化运行,1,191,N0192,Natural gas / Natural (archaeology) / Waste management,0.6449299454689026,0.0025758743286132812,automatic_candidate_needs_semantic_review,True,False
direction,TD-22394d0dc347,天然气管网优化运行,2,463,N0464,Service (business) / Marketing / Telecommunications,0.6423540711402893,0.0025758743286132812,automatic_candidate_needs_semantic_review,True,False
direction,TD-22394d0dc347,天然气管网优化运行,3,491,N0492,Function (biology) / Transfer function / Set (abstract data type),0.6363696455955505,0.0025758743286132812,automatic_candidate_needs_semantic_review,True,False
direction,TD-3c5abba2caa6,核裂变反应堆工程,1,95,N0096,Nuclear engineering / Fusion power / Blanket,0.6292465925216675,0.005293786525726318,automatic_candidate_needs_semantic_review,True,False
direction,TD-3c5abba2caa6,核裂变反应堆工程,2,419,N0420,Sequence (biology) / Symmetrical components / Ancient history,0.6239528059959412,0.005293786525726318,automatic_candidate_needs_semantic_review,True,False
direction,TD-3c5abba2caa6,核裂变反应堆工程,3,126,N0127,Work (physics) / Mechanical engineering / Thermodynamics,0.6198751926422119,0.005293786525726318,automatic_candidate_needs_semantic_review,True,False
direction,TD-0681331c6e68,核聚变装置工程,1,419,N0420,Sequence (biology) / Symmetrical components / Ancient history,0.6522170305252075,0.0035317540168762207,automatic_candidate_needs_semantic_review,True,False
direction,TD-0681331c6e68,核聚变装置工程,2,497,N0498,Unit (ring theory) / Mathematics / Power system simulation,0.6486852765083313,0.0035317540168762207,automatic_candidate_needs_semantic_review,True,False
direction,TD-0681331c6e68,核聚变装置工程,3,126,N0127,Work (physics) / Mechanical engineering / Thermodynamics,0.6422488689422607,0.0035317540168762207,automatic_candidate_needs_semantic_review,True,False
direction,TD-707e2f3cf7bf,聚变加热与中性束注入,1,126,N0127,Work (physics) / Mechanical engineering / Thermodynamics,0.6651896238327026,0.004163622856140137,automatic_candidate_needs_semantic_review,True,False
direction,TD-707e2f3cf7bf,聚变加热与中性束注入,2,497,N0498,Unit (ring theory) / Mathematics / Power system simulation,0.6610260009765625,0.004163622856140137,automatic_candidate_needs_semantic_review,True,False
direction,TD-707e2f3cf7bf,聚变加热与中性束注入,3,491,N0492,Function (biology) / Transfer function / Set (abstract data type),0.654793381690979,0.004163622856140137,automatic_candidate_needs_semantic_review,True,False
direction,TD-901042b64f70,磁约束等离子体MHD稳定性,1,264,N0265,Stability (learning theory) / Mathematics / Machine learning,0.6235339641571045,0.0019496679306030273,automatic_candidate_needs_semantic_review,True,False
direction,TD-901042b64f70,磁约束等离子体MHD稳定性,2,104,N0105,Capacitor / Voltage / Electrical engineering,0.6215842962265015,0.0019496679306030273,automatic_candidate_needs_semantic_review,True,False
direction,TD-901042b64f70,磁约束等离子体MHD稳定性,3,198,N0199,Chemistry / Organic chemistry / Combinatorial chemistry,0.6156524419784546,0.0019496679306030273,automatic_candidate_needs_semantic_review,True,False
direction,TD-99883f0d5d03,核结构材料辐照损伤,1,440,N0441,Forensic engineering / Engineering / Thermal runaway,0.6191486716270447,0.006327271461486816,automatic_candidate_needs_semantic_review,True,False
direction,TD-99883f0d5d03,核结构材料辐照损伤,2,126,N0127,Work (physics) / Mechanical engineering / Thermodynamics,0.6128214001655579,0.006327271461486816,automatic_candidate_needs_semantic_review,True,False
direction,TD-99883f0d5d03,核结构材料辐照损伤,3,491,N0492,Function (biology) / Transfer function / Set (abstract data type),0.6123965978622437,0.006327271461486816,automatic_candidate_needs_semantic_review,True,False
direction,TD-90efb2ae742c,电力设施覆冰与除冰,1,463,N0464,Service (business) / Marketing / Telecommunications,0.6704763174057007,0.0015305280685424805,automatic_candidate_needs_semantic_review,True,False
direction,TD-90efb2ae742c,电力设施覆冰与除冰,2,126,N0127,Work (physics) / Mechanical engineering / Thermodynamics,0.6689457893371582,0.0015305280685424805,automatic_candidate_needs_semantic_review,True,False
direction,TD-90efb2ae742c,电力设施覆冰与除冰,3,497,N0498,Unit (ring theory) / Mathematics / Power system simulation,0.6649559140205383,0.0015305280685424805,automatic_candidate_needs_semantic_review,True,False
direction,TD-fb47a3df765b,灌溉水资源优化调度,1,463,N0464,Service (business) / Marketing / Telecommunications,0.6533386707305908,0.0009282231330871582,automatic_candidate_needs_semantic_review,True,False
direction,TD-fb47a3df765b,灌溉水资源优化调度,2,491,N0492,Function (biology) / Transfer function / Set (abstract data type),0.6524104475975037,0.0009282231330871582,automatic_candidate_needs_semantic_review,True,False
direction,TD-fb47a3df765b,灌溉水资源优化调度,3,437,N0438,Operations research / Probabilistic logic / Analytic hierarchy process,0.6476858854293823,0.0009282231330871582,automatic_candidate_needs_semantic_review,True,False
direction,TD-5d52406d7e29,木材加工与干燥,1,86,N0087,Process (computing) / Process engineering / Engineering,0.6468173861503601,0.0006424784660339355,automatic_candidate_needs_semantic_review,True,False
direction,TD-5d52406d7e29,木材加工与干燥,2,126,N0127,Work (physics) / Mechanical engineering / Thermodynamics,0.6461749076843262,0.0006424784660339355,automatic_candidate_needs_semantic_review,True,False
direction,TD-5d52406d7e29,木材加工与干燥,3,491,N0492,Function (biology) / Transfer function / Set (abstract data type),0.6405917406082153,0.0006424784660339355,automatic_candidate_needs_semantic_review,True,False
direction,TD-2ff2eb04b49e,电气安全与触电风险,1,341,N0342,Risk analysis (engineering) / Risk management / Resilience (materials science),0.6717641949653625,0.014510631561279297,automatic_candidate_needs_semantic_review,True,False
direction,TD-2ff2eb04b49e,电气安全与触电风险,2,491,N0492,Function (biology) / Transfer function / Set (abstract data type),0.6572535634040833,0.014510631561279297,automatic_candidate_needs_semantic_review,True,False
direction,TD-2ff2eb04b49e,电气安全与触电风险,3,126,N0127,Work (physics) / Mechanical engineering / Thermodynamics,0.6536375880241394,0.014510631561279297,automatic_candidate_needs_semantic_review,True,False
direction,TD-b7f4eef4458c,电力设备风险预警,1,341,N0342,Risk analysis (engineering) / Risk management / Resilience (materials science),0.6736283302307129,0.007949590682983398,automatic_candidate_needs_semantic_review,True,False
direction,TD-b7f4eef4458c,电力设备风险预警,2,424,N0425,Systems engineering / Engineering / Automation,0.6656787395477295,0.007949590682983398,automatic_candidate_needs_semantic_review,True,False
direction,TD-b7f4eef4458c,电力设备风险预警,3,463,N0464,Service (business) / Marketing / Telecommunications,0.6656734347343445,0.007949590682983398,automatic_candidate_needs_semantic_review,True,False
direction,TD-ff37efe1af0a,聚合物介电储能,1,60,N0061,Energy storage / Electrochemical energy storage / Process engineering,0.6501332521438599,0.002110004425048828,automatic_candidate_needs_semantic_review,True,False
direction,TD-ff37efe1af0a,聚合物介电储能,2,491,N0492,Function (biology) / Transfer function / Set (abstract data type),0.648023247718811,0.002110004425048828,automatic_candidate_needs_semantic_review,True,False
direction,TD-ff37efe1af0a,聚合物介电储能,3,126,N0127,Work (physics) / Mechanical engineering / Thermodynamics,0.6432339549064636,0.002110004425048828,automatic_candidate_needs_semantic_review,True,False
direction,TD-a196c553c6e3,聚合物电气绝缘,1,1,N0002,Engineering / Electrical engineering / Computer science,0.6489696502685547,0.004715383052825928,automatic_candidate_needs_semantic_review,True,False
direction,TD-a196c553c6e3,聚合物电气绝缘,2,333,N0334,Electronics / Power electronics / Organic electronics,0.6442542672157288,0.004715383052825928,automatic_candidate_needs_semantic_review,True,False
direction,TD-a196c553c6e3,聚合物电气绝缘,3,491,N0492,Function (biology) / Transfer function / Set (abstract data type),0.641648530960083,0.004715383052825928,automatic_candidate_needs_semantic_review,True,False
direction,TD-3a1b5457e4b4,氮化镓功率与结器件,1,126,N0127,Work (physics) / Mechanical engineering / Thermodynamics,0.6366551518440247,0.0022590160369873047,automatic_candidate_needs_semantic_review,True,False
direction,TD-3a1b5457e4b4,氮化镓功率与结器件,2,198,N0199,Chemistry / Organic chemistry / Combinatorial chemistry,0.6343961358070374,0.0022590160369873047,automatic_candidate_needs_semantic_review,True,False
direction,TD-3a1b5457e4b4,氮化镓功率与结器件,3,491,N0492,Function (biology) / Transfer function / Set (abstract data type),0.631697952747345,0.0022590160369873047,automatic_candidate_needs_semantic_review,True,False
direction,TD-a6cdf98e94e0,碳化硅功率半导体器件,1,333,N0334,Electronics / Power electronics / Organic electronics,0.6458667516708374,0.005093932151794434,automatic_candidate_needs_semantic_review,True,False
direction,TD-a6cdf98e94e0,碳化硅功率半导体器件,2,491,N0492,Function (biology) / Transfer function / Set (abstract data type),0.640772819519043,0.005093932151794434,automatic_candidate_needs_semantic_review,True,False
direction,TD-a6cdf98e94e0,碳化硅功率半导体器件,3,1,N0002,Engineering / Electrical engineering / Computer science,0.6382409334182739,0.005093932151794434,automatic_candidate_needs_semantic_review,True,False
direction,TD-d327fbc5121d,碳化硅陶瓷结构材料,1,176,N0177,Ceramic / Sintering / Composite material,0.6002898216247559,0.0007123947143554688,automatic_candidate_needs_semantic_review,True,False
direction,TD-d327fbc5121d,碳化硅陶瓷结构材料,2,126,N0127,Work (physics) / Mechanical engineering / Thermodynamics,0.5995774269104004,0.0007123947143554688,automatic_candidate_needs_semantic_review,True,False
direction,TD-d327fbc5121d,碳化硅陶瓷结构材料,3,424,N0425,Systems engineering / Engineering / Automation,0.5987306833267212,0.0007123947143554688,automatic_candidate_needs_semantic_review,True,False
direction,TD-25a2fa0e23b2,铜基热电材料,1,333,N0334,Electronics / Power electronics / Organic electronics,0.6298176050186157,0.0024681687355041504,automatic_candidate_needs_semantic_review,True,False
direction,TD-25a2fa0e23b2,铜基热电材料,2,126,N0127,Work (physics) / Mechanical engineering / Thermodynamics,0.6273494362831116,0.0024681687355041504,automatic_candidate_needs_semantic_review,True,False
direction,TD-25a2fa0e23b2,铜基热电材料,3,103,N0104,Engineering physics / Raman spectroscopy / Energy density,0.6243543028831482,0.0024681687355041504,automatic_candidate_needs_semantic_review,True,False
direction,TD-abd6fb94cdd4,热电材料与热电性能优化,1,126,N0127,Work (physics) / Mechanical engineering / Thermodynamics,0.6706566214561462,0.00616222620010376,automatic_candidate_needs_semantic_review,True,False
direction,TD-abd6fb94cdd4,热电材料与热电性能优化,2,497,N0498,Unit (ring theory) / Mathematics / Power system simulation,0.6644943952560425,0.00616222620010376,automatic_candidate_needs_semantic_review,True,False
direction,TD-abd6fb94cdd4,热电材料与热电性能优化,3,424,N0425,Systems engineering / Engineering / Automation,0.6604692935943604,0.00616222620010376,automatic_candidate_needs_semantic_review,True,False
direction,TD-6bb58a22a32e,永磁材料与磁性设计,1,491,N0492,Function (biology) / Transfer function / Set (abstract data type),0.621999979019165,0.0016286373138427734,automatic_candidate_needs_semantic_review,True,False
direction,TD-6bb58a22a32e,永磁材料与磁性设计,2,126,N0127,Work (physics) / Mechanical engineering / Thermodynamics,0.6203713417053223,0.0016286373138427734,automatic_candidate_needs_semantic_review,True,False
direction,TD-6bb58a22a32e,永磁材料与磁性设计,3,424,N0425,Systems engineering / Engineering / Automation,0.6184386014938354,0.0016286373138427734,automatic_candidate_needs_semantic_review,True,False
direction,TD-0d228d3c1ec7,软磁材料与磁损耗,1,491,N0492,Function (biology) / Transfer function / Set (abstract data type),0.6289229393005371,0.0008095502853393555,automatic_candidate_needs_semantic_review,True,False
direction,TD-0d228d3c1ec7,软磁材料与磁损耗,2,126,N0127,Work (physics) / Mechanical engineering / Thermodynamics,0.6281133890151978,0.0008095502853393555,automatic_candidate_needs_semantic_review,True,False
direction,TD-0d228d3c1ec7,软磁材料与磁损耗,3,228,N0229,Citation / Library science / World Wide Web,0.6227169036865234,0.0008095502853393555,automatic_candidate_needs_semantic_review,True,False
direction,TD-4f877f536a9b,摩擦纳米发电机,1,491,N0492,Function (biology) / Transfer function / Set (abstract data type),0.6248352527618408,0.0048215389251708984,automatic_candidate_needs_semantic_review,True,False
direction,TD-4f877f536a9b,摩擦纳米发电机,2,419,N0420,Sequence (biology) / Symmetrical components / Ancient history,0.6200137138366699,0.0048215389251708984,automatic_candidate_needs_semantic_review,True,False
direction,TD-4f877f536a9b,摩擦纳米发电机,3,126,N0127,Work (physics) / Mechanical engineering / Thermodynamics,0.6191320419311523,0.0048215389251708984,automatic_candidate_needs_semantic_review,True,False
direction,TD-3cc61ee0b345,压电能量采集,1,411,N0412,Electric power / Electric power industry / Electric energy,0.6686285734176636,0.0008559823036193848,automatic_candidate_needs_semantic_review,True,False
direction,TD-3cc61ee0b345,压电能量采集,2,491,N0492,Function (biology) / Transfer function / Set (abstract data type),0.6677725911140442,0.0008559823036193848,automatic_candidate_needs_semantic_review,True,False
direction,TD-3cc61ee0b345,压电能量采集,3,419,N0420,Sequence (biology) / Symmetrical components / Ancient history,0.6669721007347107,0.0008559823036193848,automatic_candidate_needs_semantic_review,True,False
direction,TD-d2f810c5f9b1,电磁能量采集,1,491,N0492,Function (biology) / Transfer function / Set (abstract data type),0.6565224528312683,0.00615084171295166,automatic_candidate_needs_semantic_review,True,False
direction,TD-d2f810c5f9b1,电磁能量采集,2,411,N0412,Electric power / Electric power industry / Electric energy,0.6503716111183167,0.00615084171295166,automatic_candidate_needs_semantic_review,True,False
direction,TD-d2f810c5f9b1,电磁能量采集,3,424,N0425,Systems engineering / Engineering / Automation,0.6459758877754211,0.00615084171295166,automatic_candidate_needs_semantic_review,True,False
direction,TD-556b8ec095bb,大气集水与雾水采集,1,3,N0004,Environmental science / Waste management / Engineering,0.64874267578125,0.0028426051139831543,automatic_candidate_needs_semantic_review,True,False
direction,TD-556b8ec095bb,大气集水与雾水采集,2,126,N0127,Work (physics) / Mechanical engineering / Thermodynamics,0.6459000706672668,0.0028426051139831543,automatic_candidate_needs_semantic_review,True,False
direction,TD-556b8ec095bb,大气集水与雾水采集,3,86,N0087,Process (computing) / Process engineering / Engineering,0.6458860635757446,0.0028426051139831543,automatic_candidate_needs_semantic_review,True,False
direction,TD-dc488957bb27,油水分离界面与膜材料,1,423,N0424,Interface (matter) / Graphical user interface / User interface,0.637819230556488,0.0024935007095336914,automatic_candidate_needs_semantic_review,True,False
direction,TD-dc488957bb27,油水分离界面与膜材料,2,228,N0229,Citation / Library science / World Wide Web,0.6353257298469543,0.0024935007095336914,automatic_candidate_needs_semantic_review,True,False
direction,TD-dc488957bb27,油水分离界面与膜材料,3,86,N0087,Process (computing) / Process engineering / Engineering,0.6336232423782349,0.0024935007095336914,automatic_candidate_needs_semantic_review,True,False
direction,TD-2859f55d52e9,锂资源提取与分离,1,86,N0087,Process (computing) / Process engineering / Engineering,0.6429048180580139,0.004700958728790283,automatic_candidate_needs_semantic_review,True,False
direction,TD-2859f55d52e9,锂资源提取与分离,2,491,N0492,Function (biology) / Transfer function / Set (abstract data type),0.6382038593292236,0.004700958728790283,automatic_candidate_needs_semantic_review,True,False
direction,TD-2859f55d52e9,锂资源提取与分离,3,419,N0420,Sequence (biology) / Symmetrical components / Ancient history,0.6323208212852478,0.004700958728790283,automatic_candidate_needs_semantic_review,True,False
direction,TD-6c0ae3e1d5ed,铀钍提取与分离,1,193,N0194,Extraction (chemistry) / Chromatography / Stripping (fiber),0.6035352945327759,0.002207934856414795,automatic_candidate_needs_semantic_review,True,False
direction,TD-6c0ae3e1d5ed,铀钍提取与分离,2,198,N0199,Chemistry / Organic chemistry / Combinatorial chemistry,0.6013273596763611,0.002207934856414795,automatic_candidate_needs_semantic_review,True,False
direction,TD-6c0ae3e1d5ed,铀钍提取与分离,3,95,N0096,Nuclear engineering / Fusion power / Blanket,0.6010563373565674,0.002207934856414795,automatic_candidate_needs_semantic_review,True,False
direction,TD-8aee439cb9c0,稀土元素提取分离,1,193,N0194,Extraction (chemistry) / Chromatography / Stripping (fiber),0.6269173622131348,0.0074784159660339355,automatic_candidate_needs_semantic_review,True,False
direction,TD-8aee439cb9c0,稀土元素提取分离,2,86,N0087,Process (computing) / Process engineering / Engineering,0.6194389462471008,0.0074784159660339355,automatic_candidate_needs_semantic_review,True,False
direction,TD-8aee439cb9c0,稀土元素提取分离,3,198,N0199,Chemistry / Organic chemistry / Combinatorial chemistry,0.6136370897293091,0.0074784159660339355,automatic_candidate_needs_semantic_review,True,False
direction,TD-fa5688bd81f7,钴基氧化物析氧电催化,1,229,N0230,Catalysis / Bifunctional / Organic chemistry,0.608410120010376,0.004294753074645996,automatic_candidate_needs_semantic_review,True,False
direction,TD-fa5688bd81f7,钴基氧化物析氧电催化,2,55,N0056,Oxide / Chemical engineering / Iron oxide,0.60411536693573,0.004294753074645996,automatic_candidate_needs_semantic_review,True,False
direction,TD-fa5688bd81f7,钴基氧化物析氧电催化,3,83,N0084,Oxygen / Oxygen reduction reaction / Oxygen evolution,0.6029535531997681,0.004294753074645996,automatic_candidate_needs_semantic_review,True,False
direction,TD-301207251409,铁基氧还原电催化,1,143,N0144,Biochemical engineering / Context (archaeology) / Solar cell,0.6340210437774658,0.0030173659324645996,automatic_candidate_needs_semantic_review,True,False
direction,TD-301207251409,铁基氧还原电催化,2,229,N0230,Catalysis / Bifunctional / Organic chemistry,0.6310036778450012,0.0030173659324645996,automatic_candidate_needs_semantic_review,True,False
direction,TD-301207251409,铁基氧还原电催化,3,291,N0292,Mechanism (biology) / Mechanical engineering / Reaction mechanism,0.6298331022262573,0.0030173659324645996,automatic_candidate_needs_semantic_review,True,False
direction,TD-63de62b9b366,单原子位点氧还原电催化,1,143,N0144,Biochemical engineering / Context (archaeology) / Solar cell,0.6194465756416321,0.00010210275650024414,automatic_candidate_needs_semantic_review,True,False
direction,TD-63de62b9b366,单原子位点氧还原电催化,2,229,N0230,Catalysis / Bifunctional / Organic chemistry,0.6193444728851318,0.00010210275650024414,automatic_candidate_needs_semantic_review,True,False
direction,TD-63de62b9b366,单原子位点氧还原电催化,3,291,N0292,Mechanism (biology) / Mechanical engineering / Reaction mechanism,0.617255449295044,0.00010210275650024414,automatic_candidate_needs_semantic_review,True,False
direction,TD-37e4feeda154,氮化碳基光催化制氢,1,229,N0230,Catalysis / Bifunctional / Organic chemistry,0.6389374732971191,0.0011948347091674805,automatic_candidate_needs_semantic_review,True,False
direction,TD-37e4feeda154,氮化碳基光催化制氢,2,143,N0144,Biochemical engineering / Context (archaeology) / Solar cell,0.6377426385879517,0.0011948347091674805,automatic_candidate_needs_semantic_review,True,False
direction,TD-37e4feeda154,氮化碳基光催化制氢,3,210,N0211,Selectivity / Inorganic chemistry / Gas separation,0.6218766570091248,0.0011948347091674805,automatic_candidate_needs_semantic_review,True,False
direction,TD-51ac40a053f6,石墨烯分离膜,1,86,N0087,Process (computing) / Process engineering / Engineering,0.6244323253631592,0.0046419501304626465,automatic_candidate_needs_semantic_review,True,False
direction,TD-51ac40a053f6,石墨烯分离膜,2,126,N0127,Work (physics) / Mechanical engineering / Thermodynamics,0.6197903752326965,0.0046419501304626465,automatic_candidate_needs_semantic_review,True,False
direction,TD-51ac40a053f6,石墨烯分离膜,3,198,N0199,Chemistry / Organic chemistry / Combinatorial chemistry,0.619658350944519,0.0046419501304626465,automatic_candidate_needs_semantic_review,True,False
direction,TD-1f753c021ab6,石墨烯结构复合材料,1,126,N0127,Work (physics) / Mechanical engineering / Thermodynamics,0.6318907737731934,0.0017229914665222168,automatic_candidate_needs_semantic_review,True,False
direction,TD-1f753c021ab6,石墨烯结构复合材料,2,491,N0492,Function (biology) / Transfer function / Set (abstract data type),0.6301677823066711,0.0017229914665222168,automatic_candidate_needs_semantic_review,True,False
direction,TD-1f753c021ab6,石墨烯结构复合材料,3,495,N0496,Component (thermodynamics) / Oxidizing agent / Principal component analysis,0.6278225183486938,0.0017229914665222168,automatic_candidate_needs_semantic_review,True,False
direction,TD-d3b93a0eb2d0,液压泵性能与控制,1,493,N0494,Impeller / Centrifugal pump / Instability,0.65218585729599,0.007592916488647461,automatic_candidate_needs_semantic_review,True,False
direction,TD-d3b93a0eb2d0,液压泵性能与控制,2,195,N0196,Control (management) / Control engineering / Control system,0.6445929408073425,0.007592916488647461,automatic_candidate_needs_semantic_review,True,False
direction,TD-d3b93a0eb2d0,液压泵性能与控制,3,126,N0127,Work (physics) / Mechanical engineering / Thermodynamics,0.6421002149581909,0.007592916488647461,automatic_candidate_needs_semantic_review,True,False
direction,TD-eb9be8efff31,液压阀设计与控制,1,493,N0494,Impeller / Centrifugal pump / Instability,0.6338450908660889,0.002892136573791504,automatic_candidate_needs_semantic_review,True,False
direction,TD-eb9be8efff31,液压阀设计与控制,2,195,N0196,Control (management) / Control engineering / Control system,0.6309529542922974,0.002892136573791504,automatic_candidate_needs_semantic_review,True,False
direction,TD-eb9be8efff31,液压阀设计与控制,3,491,N0492,Function (biology) / Transfer function / Set (abstract data type),0.6285531520843506,0.002892136573791504,automatic_candidate_needs_semantic_review,True,False
direction,TD-93b7ac6d7d28,电力系统硬件在环仿真,1,424,N0425,Systems engineering / Engineering / Automation,0.6910637617111206,0.0008426904678344727,automatic_candidate_needs_semantic_review,True,False
direction,TD-93b7ac6d7d28,电力系统硬件在环仿真,2,235,N0236,Software / Operating system / Embedded system,0.6902210712432861,0.0008426904678344727,automatic_candidate_needs_semantic_review,True,False
direction,TD-93b7ac6d7d28,电力系统硬件在环仿真,3,491,N0492,Function (biology) / Transfer function / Set (abstract data type),0.6833994388580322,0.0008426904678344727,automatic_candidate_needs_semantic_review,True,False
direction,TD-63814a59e083,能源电力教学实验平台,1,411,N0412,Electric power / Electric power industry / Electric energy,0.6682871580123901,0.007798910140991211,automatic_candidate_needs_semantic_review,True,False
direction,TD-63814a59e083,能源电力教学实验平台,2,424,N0425,Systems engineering / Engineering / Automation,0.6604882478713989,0.007798910140991211,automatic_candidate_needs_semantic_review,True,False
direction,TD-63814a59e083,能源电力教学实验平台,3,37,N0038,Energy (signal processing) / Statistics / Mathematics,0.6598929166793823,0.007798910140991211,automatic_candidate_needs_semantic_review,True,False
direction,TD-08a40617263b,网络入侵检测,1,188,N0189,Computer security / Cyber-physical system / Internet of Things,0.6604984998703003,0.018845021724700928,automatic_candidate_needs_semantic_review,True,False
direction,TD-08a40617263b,网络入侵检测,2,289,N0290,Computer network / Real-time computing / Wireless sensor network,0.6416534781455994,0.018845021724700928,automatic_candidate_needs_semantic_review,True,False
direction,TD-08a40617263b,网络入侵检测,3,491,N0492,Function (biology) / Transfer function / Set (abstract data type),0.6320365071296692,0.018845021724700928,automatic_candidate_needs_semantic_review,True,False
direction,TD-cb898bf4b20f,电力知识图谱,1,419,N0420,Sequence (biology) / Symmetrical components / Ancient history,0.6690223813056946,0.0005701780319213867,automatic_candidate_needs_semantic_review,True,False
direction,TD-cb898bf4b20f,电力知识图谱,2,491,N0492,Function (biology) / Transfer function / Set (abstract data type),0.6684522032737732,0.0005701780319213867,automatic_candidate_needs_semantic_review,True,False
direction,TD-cb898bf4b20f,电力知识图谱,3,463,N0464,Service (business) / Marketing / Telecommunications,0.6683863401412964,0.0005701780319213867,automatic_candidate_needs_semantic_review,True,False
direction,TD-6f6bab065508,有机发光二极管与发光材料,1,4,N0005,Optoelectronics / Nanotechnology / Energy conversion efficiency,0.6422191262245178,0.011374235153198242,automatic_candidate_needs_semantic_review,True,False
direction,TD-6f6bab065508,有机发光二极管与发光材料,2,143,N0144,Biochemical engineering / Context (archaeology) / Solar cell,0.6308448910713196,0.011374235153198242,automatic_candidate_needs_semantic_review,True,False
direction,TD-6f6bab065508,有机发光二极管与发光材料,3,333,N0334,Electronics / Power electronics / Organic electronics,0.6306007504463196,0.011374235153198242,automatic_candidate_needs_semantic_review,True,False
direction,TD-95f7bda4c624,超级电容器电极与器件,1,104,N0105,Capacitor / Voltage / Electrical engineering,0.6574254631996155,0.002312004566192627,automatic_candidate_needs_semantic_review,True,False
direction,TD-95f7bda4c624,超级电容器电极与器件,2,60,N0061,Energy storage / Electrochemical energy storage / Process engineering,0.6551134586334229,0.002312004566192627,automatic_candidate_needs_semantic_review,True,False
direction,TD-95f7bda4c624,超级电容器电极与器件,3,1,N0002,Engineering / Electrical engineering / Computer science,0.6546648144721985,0.002312004566192627,automatic_candidate_needs_semantic_review,True,False
direction,TD-3fc187291255,染料敏化太阳能电池材料与器件,1,207,N0208,Photovoltaics / Grid parity / Commercialization,0.6328282356262207,0.0033839941024780273,automatic_candidate_needs_semantic_review,True,False
direction,TD-3fc187291255,染料敏化太阳能电池材料与器件,2,130,N0131,Solar energy / Solar power / Photovoltaic thermal hybrid solar collector,0.6294442415237427,0.0033839941024780273,automatic_candidate_needs_semantic_review,True,False
direction,TD-3fc187291255,染料敏化太阳能电池材料与器件,3,128,N0129,Solar cell / Solar cell efficiency / Copper indium gallium selenide solar cells,0.6240628361701965,0.0033839941024780273,automatic_candidate_needs_semantic_review,True,False
direction,TD-4559c46ecf6b,无线电能传输电路与系统,1,292,N0293,Transmission (telecommunications) / Transmission system / Power transmission,0.6677405834197998,0.002049267292022705,automatic_candidate_needs_semantic_review,True,False
direction,TD-4559c46ecf6b,无线电能传输电路与系统,2,276,N0277,Wireless / Wireless power transfer / Maximum power transfer theorem,0.6656913161277771,0.002049267292022705,automatic_candidate_needs_semantic_review,True,False
direction,TD-4559c46ecf6b,无线电能传输电路与系统,3,491,N0492,Function (biology) / Transfer function / Set (abstract data type),0.6603113412857056,0.002049267292022705,automatic_candidate_needs_semantic_review,True,False
direction,TD-e1bdd55fbc6d,无线充电器与装置,1,1,N0002,Engineering / Electrical engineering / Computer science,0.6531851291656494,0.003675103187561035,automatic_candidate_needs_semantic_review,True,False
direction,TD-e1bdd55fbc6d,无线充电器与装置,2,463,N0464,Service (business) / Marketing / Telecommunications,0.6495100259780884,0.003675103187561035,automatic_candidate_needs_semantic_review,True,False
direction,TD-e1bdd55fbc6d,无线充电器与装置,3,491,N0492,Function (biology) / Transfer function / Set (abstract data type),0.6472541093826294,0.003675103187561035,automatic_candidate_needs_semantic_review,True,False
direction,TD-7f5342a0d62c,微生物燃料电池与生物产电,1,316,N0317,Microbial fuel cell / Power density / Internal resistance,0.6671019792556763,0.003162384033203125,automatic_candidate_needs_semantic_review,True,False
direction,TD-7f5342a0d62c,微生物燃料电池与生物产电,2,143,N0144,Biochemical engineering / Context (archaeology) / Solar cell,0.6639395952224731,0.003162384033203125,automatic_candidate_needs_semantic_review,True,False
direction,TD-7f5342a0d62c,微生物燃料电池与生物产电,3,270,N0271,Biofuel / Biodiesel / Methane,0.6504338979721069,0.003162384033203125,automatic_candidate_needs_semantic_review,True,False
direction,TD-fc4dfc0eae29,太阳能界面蒸发与海水淡化,1,130,N0131,Solar energy / Solar power / Photovoltaic thermal hybrid solar collector,0.6633599996566772,0.014636516571044922,automatic_candidate_needs_semantic_review,True,False
direction,TD-fc4dfc0eae29,太阳能界面蒸发与海水淡化,2,207,N0208,Photovoltaics / Grid parity / Commercialization,0.6487234830856323,0.014636516571044922,automatic_candidate_needs_semantic_review,True,False
direction,TD-fc4dfc0eae29,太阳能界面蒸发与海水淡化,3,16,N0017,Photovoltaic system / Electrical engineering / Maximum power point tracking,0.6469680666923523,0.014636516571044922,automatic_candidate_needs_semantic_review,True,False
direction,TD-5e6cec6e7705,轨道交通能耗与牵引优化,1,491,N0492,Function (biology) / Transfer function / Set (abstract data type),0.6691499948501587,0.008026957511901855,automatic_candidate_needs_semantic_review,True,False
direction,TD-5e6cec6e7705,轨道交通能耗与牵引优化,2,463,N0464,Service (business) / Marketing / Telecommunications,0.6611230373382568,0.008026957511901855,automatic_candidate_needs_semantic_review,True,False
direction,TD-5e6cec6e7705,轨道交通能耗与牵引优化,3,377,N0378,Transport engineering / Truck / Engineering,0.6589060425758362,0.008026957511901855,automatic_candidate_needs_semantic_review,True,False
direction,TD-d6eaf35fff5a,船舶燃料与能效,1,126,N0127,Work (physics) / Mechanical engineering / Thermodynamics,0.6659905910491943,0.0003077983856201172,automatic_candidate_needs_semantic_review,True,False
direction,TD-d6eaf35fff5a,船舶燃料与能效,2,497,N0498,Unit (ring theory) / Mathematics / Power system simulation,0.6656827926635742,0.0003077983856201172,automatic_candidate_needs_semantic_review,True,False
direction,TD-d6eaf35fff5a,船舶燃料与能效,3,491,N0492,Function (biology) / Transfer function / Set (abstract data type),0.6656174063682556,0.0003077983856201172,automatic_candidate_needs_semantic_review,True,False
direction,TD-aafb22d424bc,潮汐与潮流能开发,1,90,N0091,Current (fluid) / Tidal power / Tidal current,0.6524990797042847,0.00389862060546875,automatic_candidate_needs_semantic_review,True,False
direction,TD-aafb22d424bc,潮汐与潮流能开发,2,491,N0492,Function (biology) / Transfer function / Set (abstract data type),0.6486004590988159,0.00389862060546875,automatic_candidate_needs_semantic_review,True,False
direction,TD-aafb22d424bc,潮汐与潮流能开发,3,126,N0127,Work (physics) / Mechanical engineering / Thermodynamics,0.6451131105422974,0.00389862060546875,automatic_candidate_needs_semantic_review,True,False
direction,TD-29064b5b3974,LED照明灯具与配光,1,424,N0425,Systems engineering / Engineering / Automation,0.6108923554420471,0.003892362117767334,automatic_candidate_needs_semantic_review,True,False
direction,TD-29064b5b3974,LED照明灯具与配光,2,463,N0464,Service (business) / Marketing / Telecommunications,0.6069999933242798,0.003892362117767334,automatic_candidate_needs_semantic_review,True,False
direction,TD-29064b5b3974,LED照明灯具与配光,3,8,N0009,Computer science / Artificial intelligence / Telecommunications,0.6067724823951721,0.003892362117767334,automatic_candidate_needs_semantic_review,True,False
direction,TD-193763704d67,电化学传感与分析检测,1,0,N0001,Electrochemistry / Chemical engineering / Electrode,0.6475763916969299,0.0005314946174621582,automatic_candidate_needs_semantic_review,True,False
direction,TD-193763704d67,电化学传感与分析检测,2,460,N0461,SIGNAL (programming language) / Signal processing / Digital signal processing,0.6470448970794678,0.0005314946174621582,automatic_candidate_needs_semantic_review,True,False
direction,TD-193763704d67,电化学传感与分析检测,3,199,N0200,Electron / Atomic physics / Physics,0.6216214895248413,0.0005314946174621582,automatic_candidate_needs_semantic_review,True,False
direction,TD-03ef44e61460,钙钛矿氧化物电催化材料设计,1,229,N0230,Catalysis / Bifunctional / Organic chemistry,0.6585489511489868,0.0017851591110229492,automatic_candidate_needs_semantic_review,True,False
direction,TD-03ef44e61460,钙钛矿氧化物电催化材料设计,2,257,N0258,Platinum / Platinum nanoparticles / Inorganic chemistry,0.6567637920379639,0.0017851591110229492,automatic_candidate_needs_semantic_review,True,False
direction,TD-03ef44e61460,钙钛矿氧化物电催化材料设计,3,169,N0170,Bimetallic strip / Catalysis / Inorganic chemistry,0.6558083295822144,0.0017851591110229492,automatic_candidate_needs_semantic_review,True,False
direction,TD-7a525d010ab8,土壤碳通量测量与过程建模,1,458,N0459,Mass transfer / Chromatography / Volumetric flow rate,0.68479984998703,0.0013127923011779785,automatic_candidate_needs_semantic_review,True,False
direction,TD-7a525d010ab8,土壤碳通量测量与过程建模,2,45,N0046,Carbon fibers / Carbon black / Carbon nanofiber,0.683487057685852,0.0013127923011779785,automatic_candidate_needs_semantic_review,True,False
direction,TD-7a525d010ab8,土壤碳通量测量与过程建模,3,3,N0004,Environmental science / Waste management / Engineering,0.6775272488594055,0.0013127923011779785,automatic_candidate_needs_semantic_review,True,False
direction,TD-cf313d4b4d8d,太阳能聚光光学设计,1,130,N0131,Solar energy / Solar power / Photovoltaic thermal hybrid solar collector,0.6988811492919922,0.017261862754821777,automatic_candidate_needs_semantic_review,True,False
direction,TD-cf313d4b4d8d,太阳能聚光光学设计,2,207,N0208,Photovoltaics / Grid parity / Commercialization,0.6816192865371704,0.017261862754821777,automatic_candidate_needs_semantic_review,True,False
direction,TD-cf313d4b4d8d,太阳能聚光光学设计,3,465,N0466,Radiation / Optics / Atmospheric sciences,0.6807922720909119,0.017261862754821777,automatic_candidate_needs_semantic_review,True,False
direction,TD-df3ff0b5ec3d,吸附法去除水中金属离子,1,193,N0194,Extraction (chemistry) / Chromatography / Stripping (fiber),0.6983656883239746,0.0013815760612487793,automatic_candidate_needs_semantic_review,True,False
direction,TD-df3ff0b5ec3d,吸附法去除水中金属离子,2,50,N0051,Aqueous solution / Chemistry / Inorganic chemistry,0.6969841122627258,0.0013815760612487793,automatic_candidate_needs_semantic_review,True,False
direction,TD-df3ff0b5ec3d,吸附法去除水中金属离子,3,183,N0184,Sorption / Sorbent / Chemistry,0.6872401237487793,0.0013815760612487793,automatic_candidate_needs_semantic_review,True,False
direction,TD-3c1a258cdfc7,硫化镉薄膜沉积,1,385,N0386,CZTS / Kesterite / Chemical engineering,0.6647000312805176,3.24249267578125e-05,automatic_candidate_needs_semantic_review,True,False
direction,TD-3c1a258cdfc7,硫化镉薄膜沉积,2,354,N0355,Cadmium telluride photovoltaics / Cadmium / Tellurium,0.6646676063537598,3.24249267578125e-05,automatic_candidate_needs_semantic_review,True,False
direction,TD-3c1a258cdfc7,硫化镉薄膜沉积,3,151,N0152,Crystallite / Metallurgy / Polycrystalline silicon,0.6510818004608154,3.24249267578125e-05,automatic_candidate_needs_semantic_review,True,False
direction,TD-25b49d16f7a3,电力变压器设计与制造,1,1,N0002,Engineering / Electrical engineering / Computer science,0.683891773223877,0.01982814073562622,automatic_candidate_needs_semantic_review,True,False
direction,TD-25b49d16f7a3,电力变压器设计与制造,2,411,N0412,Electric power / Electric power industry / Electric energy,0.6640636324882507,0.01982814073562622,automatic_candidate_needs_semantic_review,True,False
direction,TD-25b49d16f7a3,电力变压器设计与制造,3,459,N0460,Circuit breaker / High voltage / Switchgear,0.6627267599105835,0.01982814073562622,automatic_candidate_needs_semantic_review,True,False
direction,TD-54de42f0c79b,高压开关开断与绝缘设计,1,459,N0460,Circuit breaker / High voltage / Switchgear,0.6652077436447144,0.015683770179748535,automatic_candidate_needs_semantic_review,True,False
direction,TD-54de42f0c79b,高压开关开断与绝缘设计,2,1,N0002,Engineering / Electrical engineering / Computer science,0.6495239734649658,0.015683770179748535,automatic_candidate_needs_semantic_review,True,False
direction,TD-54de42f0c79b,高压开关开断与绝缘设计,3,85,N0086,Current (fluid) / Electrical engineering / Voltage,0.6358033418655396,0.015683770179748535,automatic_candidate_needs_semantic_review,True,False
direction,TD-cb242a1ae425,聚变等离子体诊断方法,1,460,N0461,SIGNAL (programming language) / Signal processing / Digital signal processing,0.6558875441551208,0.001734316349029541,automatic_candidate_needs_semantic_review,True,False
direction,TD-cb242a1ae425,聚变等离子体诊断方法,2,472,N0473,Identification (biology) / System identification / Set (abstract data type),0.6541532278060913,0.001734316349029541,automatic_candidate_needs_semantic_review,True,False
direction,TD-cb242a1ae425,聚变等离子体诊断方法,3,393,N0394,Test (biology) / Morphology (biology) / Test bench,0.6482497453689575,0.001734316349029541,automatic_candidate_needs_semantic_review,True,False
direction,TD-3089fa3fc59b,多孔碳电极制备,1,333,N0334,Electronics / Power electronics / Organic electronics,0.6963511109352112,0.018740534782409668,automatic_candidate_needs_semantic_review,True,False
direction,TD-3089fa3fc59b,多孔碳电极制备,2,247,N0248,Electrical conductor / Conductor / Composite material,0.6776105761528015,0.018740534782409668,automatic_candidate_needs_semantic_review,True,False
direction,TD-3089fa3fc59b,多孔碳电极制备,3,104,N0105,Capacitor / Voltage / Electrical engineering,0.6735705137252808,0.018740534782409668,automatic_candidate_needs_semantic_review,True,False
direction,TD-d59289424844,车辆驱动与制动协调控制,1,23,N0024,Automotive engineering / Powertrain / Engineering,0.7038278579711914,0.022238969802856445,automatic_candidate_needs_semantic_review,True,False
direction,TD-d59289424844,车辆驱动与制动协调控制,2,195,N0196,Control (management) / Control engineering / Control system,0.681588888168335,0.022238969802856445,automatic_candidate_needs_semantic_review,True,False
direction,TD-d59289424844,车辆驱动与制动协调控制,3,476,N0477,Automotive industry / Manufacturing engineering / Palladium,0.6786168217658997,0.022238969802856445,automatic_candidate_needs_semantic_review,True,False
direction,TD-83f3d44d89c0,风机传动链与轴承状态设计,1,26,N0027,Turbine / Marine engineering / Mechanical engineering,0.6790390014648438,0.003946542739868164,automatic_candidate_needs_semantic_review,True,False
direction,TD-83f3d44d89c0,风机传动链与轴承状态设计,2,322,N0323,Stator / Rotor (electric) / Induction generator,0.6750924587249756,0.003946542739868164,automatic_candidate_needs_semantic_review,True,False
direction,TD-83f3d44d89c0,风机传动链与轴承状态设计,3,442,N0443,Aerodynamics / Aerospace engineering / Airfoil,0.674536943435669,0.003946542739868164,automatic_candidate_needs_semantic_review,True,False
direction,TD-62ecabb7e3b1,电气计量校准与不确定度评定,1,420,N0421,Line (geometry) / Mathematics / Geometry,0.6244910359382629,0.007755458354949951,automatic_candidate_needs_semantic_review,True,False
direction,TD-62ecabb7e3b1,电气计量校准与不确定度评定,2,1,N0002,Engineering / Electrical engineering / Computer science,0.616735577583313,0.007755458354949951,automatic_candidate_needs_semantic_review,True,False
direction,TD-62ecabb7e3b1,电气计量校准与不确定度评定,3,445,N0446,Noise (video) / Noise reduction / Phase noise,0.6166417002677917,0.007755458354949951,automatic_candidate_needs_semantic_review,True,False
direction,TD-619060bc5dbb,二氧化碳选择性膜分离,1,204,N0205,Carbon dioxide / Carbon sequestration / Electrochemical reduction of carbon dioxide,0.6791018843650818,0.005490541458129883,automatic_candidate_needs_semantic_review,True,False
direction,TD-619060bc5dbb,二氧化碳选择性膜分离,2,210,N0211,Selectivity / Inorganic chemistry / Gas separation,0.6736113429069519,0.005490541458129883,automatic_candidate_needs_semantic_review,True,False
direction,TD-619060bc5dbb,二氧化碳选择性膜分离,3,198,N0199,Chemistry / Organic chemistry / Combinatorial chemistry,0.6614235639572144,0.005490541458129883,automatic_candidate_needs_semantic_review,True,False
direction,TD-cf4b86306e86,铜铟镓硒薄膜光伏器件制备,1,207,N0208,Photovoltaics / Grid parity / Commercialization,0.6521941423416138,0.019097089767456055,automatic_candidate_needs_semantic_review,True,False
direction,TD-cf4b86306e86,铜铟镓硒薄膜光伏器件制备,2,128,N0129,Solar cell / Solar cell efficiency / Copper indium gallium selenide solar cells,0.6330970525741577,0.019097089767456055,automatic_candidate_needs_semantic_review,True,False
direction,TD-cf4b86306e86,铜铟镓硒薄膜光伏器件制备,3,130,N0131,Solar energy / Solar power / Photovoltaic thermal hybrid solar collector,0.6314293146133423,0.019097089767456055,automatic_candidate_needs_semantic_review,True,False
direction,TD-9b2c8ac64af6,射频功率放大电路设计,1,21,N0022,Electronic engineering / Amplifier / CMOS,0.6355077624320984,0.010957121849060059,automatic_candidate_needs_semantic_review,True,False
direction,TD-9b2c8ac64af6,射频功率放大电路设计,2,460,N0461,SIGNAL (programming language) / Signal processing / Digital signal processing,0.6245506405830383,0.010957121849060059,automatic_candidate_needs_semantic_review,True,False
direction,TD-9b2c8ac64af6,射频功率放大电路设计,3,1,N0002,Engineering / Electrical engineering / Computer science,0.6188101768493652,0.010957121849060059,automatic_candidate_needs_semantic_review,True,False
direction,TD-66f8a6b14ad2,有价金属浸出回收,1,193,N0194,Extraction (chemistry) / Chromatography / Stripping (fiber),0.6716232299804688,0.012318730354309082,automatic_candidate_needs_semantic_review,True,False
direction,TD-66f8a6b14ad2,有价金属浸出回收,2,286,N0287,Leaching (pedology) / Sulfuric acid / Chemistry,0.6593044996261597,0.012318730354309082,automatic_candidate_needs_semantic_review,True,False
direction,TD-66f8a6b14ad2,有价金属浸出回收,3,86,N0087,Process (computing) / Process engineering / Engineering,0.6477699279785156,0.012318730354309082,automatic_candidate_needs_semantic_review,True,False
direction,TD-e326d3827690,电磁干扰抑制与兼容设计,1,372,N0373,EMI / Electromagnetic interference / Electromagnetic shielding,0.699877917766571,0.029650330543518066,automatic_candidate_needs_semantic_review,True,False
direction,TD-e326d3827690,电磁干扰抑制与兼容设计,2,21,N0022,Electronic engineering / Amplifier / CMOS,0.670227587223053,0.029650330543518066,automatic_candidate_needs_semantic_review,True,False
direction,TD-e326d3827690,电磁干扰抑制与兼容设计,3,445,N0446,Noise (video) / Noise reduction / Phase noise,0.6594082117080688,0.029650330543518066,automatic_candidate_needs_semantic_review,True,False
direction,TD-8b917c07f4d0,水文气象预测建模,1,140,N0141,Meteorology / Atmospheric sciences / Climatology,0.6732286214828491,0.0214654803276062,automatic_candidate_needs_semantic_review,True,False
direction,TD-8b917c07f4d0,水文气象预测建模,2,66,N0067,Geology / Geochemistry / Geotechnical engineering,0.6517631411552429,0.0214654803276062,automatic_candidate_needs_semantic_review,True,False
direction,TD-8b917c07f4d0,水文气象预测建模,3,320,N0321,Hydropower / Hydroelectricity / Small hydro,0.6420238614082336,0.0214654803276062,automatic_candidate_needs_semantic_review,True,False
direction,TD-dc2c9c556ad6,电化学沉积成膜,1,0,N0001,Electrochemistry / Chemical engineering / Electrode,0.692197322845459,0.011198759078979492,automatic_candidate_needs_semantic_review,True,False
direction,TD-dc2c9c556ad6,电化学沉积成膜,2,114,N0115,Coating / Spin coating / Chemical engineering,0.6809985637664795,0.011198759078979492,automatic_candidate_needs_semantic_review,True,False
direction,TD-dc2c9c556ad6,电化学沉积成膜,3,438,N0439,Wetting / Contact angle / Composite material,0.6807547807693481,0.011198759078979492,automatic_candidate_needs_semantic_review,True,False
direction,TD-13df50a65d6e,铋基氧化物光催化,1,78,N0079,Photochemistry / Visible spectrum / Fluorescence,0.6517624855041504,0.010057806968688965,automatic_candidate_needs_semantic_review,True,False
direction,TD-13df50a65d6e,铋基氧化物光催化,2,2,N0003,Photocatalysis / Visible spectrum / Catalysis,0.6417046785354614,0.010057806968688965,automatic_candidate_needs_semantic_review,True,False
direction,TD-13df50a65d6e,铋基氧化物光催化,3,229,N0230,Catalysis / Bifunctional / Organic chemistry,0.6336968541145325,0.010057806968688965,automatic_candidate_needs_semantic_review,True,False
direction,TD-09a1f65e5107,机电执行器运动控制,1,195,N0196,Control (management) / Control engineering / Control system,0.599789023399353,0.02083224058151245,automatic_candidate_needs_semantic_review,True,False
direction,TD-09a1f65e5107,机电执行器运动控制,2,389,N0390,Simulation / Robot / Computer simulation,0.5789567828178406,0.02083224058151245,automatic_candidate_needs_semantic_review,True,False
direction,TD-09a1f65e5107,机电执行器运动控制,3,23,N0024,Automotive engineering / Powertrain / Engineering,0.5776249170303345,0.02083224058151245,automatic_candidate_needs_semantic_review,True,False
direction,TD-8a7e08b9ee9f,电力扰动信号检测与分析,1,460,N0461,SIGNAL (programming language) / Signal processing / Digital signal processing,0.6712700128555298,0.01955866813659668,automatic_candidate_needs_semantic_review,True,False
direction,TD-8a7e08b9ee9f,电力扰动信号检测与分析,2,73,N0074,Electric power transmission / Transmission line / Transmission (telecommunications),0.6517113447189331,0.01955866813659668,automatic_candidate_needs_semantic_review,True,False
direction,TD-8a7e08b9ee9f,电力扰动信号检测与分析,3,420,N0421,Line (geometry) / Mathematics / Geometry,0.6510892510414124,0.01955866813659668,automatic_candidate_needs_semantic_review,True,False
direction,TD-de571a213332,磁约束等离子体湍流数值建模,1,136,N0137,Flow (mathematics) / Mechanics / Power flow,0.6340078115463257,0.010373353958129883,automatic_candidate_needs_semantic_review,True,False
direction,TD-de571a213332,磁约束等离子体湍流数值建模,2,85,N0086,Current (fluid) / Electrical engineering / Voltage,0.6236344575881958,0.010373353958129883,automatic_candidate_needs_semantic_review,True,False
direction,TD-de571a213332,磁约束等离子体湍流数值建模,3,255,N0256,Charge (physics) / Physics / Chemical physics,0.6201736927032471,0.010373353958129883,automatic_candidate_needs_semantic_review,True,False
direction,TD-882bb00ec9ce,设备泄漏检测,1,472,N0473,Identification (biology) / System identification / Set (abstract data type),0.6845963001251221,0.010418593883514404,automatic_candidate_needs_semantic_review,True,False
direction,TD-882bb00ec9ce,设备泄漏检测,2,154,N0155,Fault (geology) / Fault detection and isolation / Fault indicator,0.6741777062416077,0.010418593883514404,automatic_candidate_needs_semantic_review,True,False
direction,TD-882bb00ec9ce,设备泄漏检测,3,440,N0441,Forensic engineering / Engineering / Thermal runaway,0.6733936071395874,0.010418593883514404,automatic_candidate_needs_semantic_review,True,False
direction,TD-4f4c10f3422a,电力设备通信与远程控制,1,292,N0293,Transmission (telecommunications) / Transmission system / Power transmission,0.6748844981193542,0.003299534320831299,automatic_candidate_needs_semantic_review,True,False
direction,TD-4f4c10f3422a,电力设备通信与远程控制,2,73,N0074,Electric power transmission / Transmission line / Transmission (telecommunications),0.671584963798523,0.003299534320831299,automatic_candidate_needs_semantic_review,True,False
direction,TD-4f4c10f3422a,电力设备通信与远程控制,3,1,N0002,Engineering / Electrical engineering / Computer science,0.6598796844482422,0.003299534320831299,automatic_candidate_needs_semantic_review,True,False
direction,TD-3c4c892c27b7,无人机电网巡检,1,420,N0421,Line (geometry) / Mathematics / Geometry,0.641916811466217,0.0029088854789733887,automatic_candidate_needs_semantic_review,True,False
direction,TD-3c4c892c27b7,无人机电网巡检,2,359,N0360,Relay / Overcurrent / Protective relay,0.6390079259872437,0.0029088854789733887,automatic_candidate_needs_semantic_review,True,False
direction,TD-3c4c892c27b7,无人机电网巡检,3,224,N0225,Aeronautics / Aerospace engineering / Propulsion,0.6387615203857422,0.0029088854789733887,automatic_candidate_needs_semantic_review,True,False
direction,TD-67b12708919e,耐磨金属基复合材料制备,1,345,N0346,Ultimate tensile strength / Composite material / Elongation,0.6831918954849243,0.003980576992034912,automatic_candidate_needs_semantic_review,True,False
direction,TD-67b12708919e,耐磨金属基复合材料制备,2,35,N0036,Microstructure / Composite material / Metallurgy,0.6792113184928894,0.003980576992034912,automatic_candidate_needs_semantic_review,True,False
direction,TD-67b12708919e,耐磨金属基复合材料制备,3,201,N0202,Corrosion / Metallurgy / Magnesium,0.6621013283729553,0.003980576992034912,automatic_candidate_needs_semantic_review,True,False
direction,TD-333f2a057420,储能双向充放电变流控制,1,362,N0363,AC power / Power factor / Voltage optimisation,0.6936190128326416,0.0012336969375610352,automatic_candidate_needs_semantic_review,True,False
direction,TD-333f2a057420,储能双向充放电变流控制,2,434,N0435,Ripple / Torque ripple / Electrolytic capacitor,0.6923853158950806,0.0012336969375610352,automatic_candidate_needs_semantic_review,True,False
direction,TD-333f2a057420,储能双向充放电变流控制,3,195,N0196,Control (management) / Control engineering / Control system,0.6868340969085693,0.0012336969375610352,automatic_candidate_needs_semantic_review,True,False
direction,TD-24c179fa2ade,电气柜密封与环境防护设计,1,440,N0441,Forensic engineering / Engineering / Thermal runaway,0.611553430557251,0.021760642528533936,automatic_candidate_needs_semantic_review,True,False
direction,TD-24c179fa2ade,电气柜密封与环境防护设计,2,1,N0002,Engineering / Electrical engineering / Computer science,0.589792788028717,0.021760642528533936,automatic_candidate_needs_semantic_review,True,False
direction,TD-24c179fa2ade,电气柜密封与环境防护设计,3,428,N0429,Insulator (electricity) / Arc flash / Silicone rubber,0.5844731330871582,0.021760642528533936,automatic_candidate_needs_semantic_review,True,False
direction,TD-a9113bafb767,聚变等离子体边界控制,1,195,N0196,Control (management) / Control engineering / Control system,0.6901942491531372,0.024685800075531006,automatic_candidate_needs_semantic_review,True,False
direction,TD-a9113bafb767,聚变等离子体边界控制,2,153,N0154,Controller (irrigation) / PID controller / Control engineering,0.6655084490776062,0.024685800075531006,automatic_candidate_needs_semantic_review,True,False
direction,TD-a9113bafb767,聚变等离子体边界控制,3,85,N0086,Current (fluid) / Electrical engineering / Voltage,0.6572418212890625,0.024685800075531006,automatic_candidate_needs_semantic_review,True,False
direction,TD-d33289010d44,质子交换聚合物膜制备,1,32,N0033,Membrane / Permeation / Ion exchange,0.6710684299468994,0.0002757906913757324,automatic_candidate_needs_semantic_review,True,False
direction,TD-d33289010d44,质子交换聚合物膜制备,2,75,N0076,Fabrication / Electrospinning / Composite material,0.6707926392555237,0.0002757906913757324,automatic_candidate_needs_semantic_review,True,False
direction,TD-d33289010d44,质子交换聚合物膜制备,3,17,N0018,Polymer / Polymer chemistry / Membrane,0.6679471731185913,0.0002757906913757324,automatic_candidate_needs_semantic_review,True,False
direction,TD-28c52fe637d0,能源数据隐私保护计算,1,37,N0038,Energy (signal processing) / Statistics / Mathematics,0.6310489177703857,0.004840254783630371,automatic_candidate_needs_semantic_review,True,False
direction,TD-28c52fe637d0,能源数据隐私保护计算,2,251,N0252,Consumption (sociology) / Agricultural economics / Power consumption,0.6262086629867554,0.004840254783630371,automatic_candidate_needs_semantic_review,True,False
direction,TD-28c52fe637d0,能源数据隐私保护计算,3,102,N0103,Energy consumption / Environmental economics / Consumption (sociology),0.6235789060592651,0.004840254783630371,automatic_candidate_needs_semantic_review,True,False
direction,TD-f8df6efb53cf,功能薄膜沉积工艺,1,438,N0439,Wetting / Contact angle / Composite material,0.7017197608947754,0.0010339617729187012,automatic_candidate_needs_semantic_review,True,False
direction,TD-f8df6efb53cf,功能薄膜沉积工艺,2,75,N0076,Fabrication / Electrospinning / Composite material,0.7006857991218567,0.0010339617729187012,automatic_candidate_needs_semantic_review,True,False
direction,TD-f8df6efb53cf,功能薄膜沉积工艺,3,4,N0005,Optoelectronics / Nanotechnology / Energy conversion efficiency,0.6950393915176392,0.0010339617729187012,automatic_candidate_needs_semantic_review,True,False
direction,TD-351670d4b40a,变压器油纸绝缘状态诊断,1,440,N0441,Forensic engineering / Engineering / Thermal runaway,0.619204580783844,0.006848633289337158,automatic_candidate_needs_semantic_review,True,False
direction,TD-351670d4b40a,变压器油纸绝缘状态诊断,2,46,N0047,Transformer / Distribution transformer / Voltage,0.6123559474945068,0.006848633289337158,automatic_candidate_needs_semantic_review,True,False
direction,TD-351670d4b40a,变压器油纸绝缘状态诊断,3,459,N0460,Circuit breaker / High voltage / Switchgear,0.6033400893211365,0.006848633289337158,automatic_candidate_needs_semantic_review,True,False
direction,TD-c73fc272708f,能源作物栽培与采收,1,266,N0267,Bioenergy / Biofuel / Agriculture,0.7184841632843018,0.010132133960723877,automatic_candidate_needs_semantic_review,True,False
direction,TD-c73fc272708f,能源作物栽培与采收,2,118,N0119,Production (economics) / Payback period / Engineering,0.7083520293235779,0.010132133960723877,automatic_candidate_needs_semantic_review,True,False
direction,TD-c73fc272708f,能源作物栽培与采收,3,357,N0358,Raw material / Biorefinery / Metallurgy,0.6987411379814148,0.010132133960723877,automatic_candidate_needs_semantic_review,True,False
direction,TD-bce7cd7509b8,蒸散量遥感估计,1,302,N0303,Irradiance / Remote sensing / Solar irradiance,0.6563787460327148,0.0027734041213989258,automatic_candidate_needs_semantic_review,True,False
direction,TD-bce7cd7509b8,蒸散量遥感估计,2,140,N0141,Meteorology / Atmospheric sciences / Climatology,0.6536053419113159,0.0027734041213989258,automatic_candidate_needs_semantic_review,True,False
direction,TD-bce7cd7509b8,蒸散量遥感估计,3,66,N0067,Geology / Geochemistry / Geotechnical engineering,0.6407598853111267,0.0027734041213989258,automatic_candidate_needs_semantic_review,True,False
direction,TD-4dc7d20fe275,车辆操纵稳定性控制,1,23,N0024,Automotive engineering / Powertrain / Engineering,0.7069306969642639,0.01802849769592285,automatic_candidate_needs_semantic_review,True,False
direction,TD-4dc7d20fe275,车辆操纵稳定性控制,2,195,N0196,Control (management) / Control engineering / Control system,0.6889021992683411,0.01802849769592285,automatic_candidate_needs_semantic_review,True,False
direction,TD-4dc7d20fe275,车辆操纵稳定性控制,3,476,N0477,Automotive industry / Manufacturing engineering / Palladium,0.6884264945983887,0.01802849769592285,automatic_candidate_needs_semantic_review,True,False
direction,TD-89ff51b7ab71,分布式电源并网控制,1,244,N0245,Distributed generation / Distributed computing / Stand-alone power system,0.6999304294586182,0.017063021659851074,automatic_candidate_needs_semantic_review,True,False
direction,TD-89ff51b7ab71,分布式电源并网控制,2,362,N0363,AC power / Power factor / Voltage optimisation,0.6828674077987671,0.017063021659851074,automatic_candidate_needs_semantic_review,True,False
direction,TD-89ff51b7ab71,分布式电源并网控制,3,411,N0412,Electric power / Electric power industry / Electric energy,0.6827353835105896,0.017063021659851074,automatic_candidate_needs_semantic_review,True,False
direction,TD-1fa586242efd,晶硅异质结太阳能电池制备,1,207,N0208,Photovoltaics / Grid parity / Commercialization,0.6305384635925293,0.006289780139923096,automatic_candidate_needs_semantic_review,True,False
direction,TD-1fa586242efd,晶硅异质结太阳能电池制备,2,130,N0131,Solar energy / Solar power / Photovoltaic thermal hybrid solar collector,0.6242486834526062,0.006289780139923096,automatic_candidate_needs_semantic_review,True,False
direction,TD-1fa586242efd,晶硅异质结太阳能电池制备,3,75,N0076,Fabrication / Electrospinning / Composite material,0.6173872947692871,0.006289780139923096,automatic_candidate_needs_semantic_review,True,False
direction,TD-0b0c214b2331,最优潮流求解,1,53,N0054,Mathematical optimization / Mathematics / Economic dispatch,0.7144863605499268,0.016135215759277344,automatic_candidate_needs_semantic_review,True,False
direction,TD-0b0c214b2331,最优潮流求解,2,28,N0029,Power (physics) / Electric power system / Power flow,0.6983511447906494,0.016135215759277344,automatic_candidate_needs_semantic_review,True,False
direction,TD-0b0c214b2331,最优潮流求解,3,9,N0010,Control theory (sociology) / Voltage / Control (management),0.687485933303833,0.016135215759277344,automatic_candidate_needs_semantic_review,True,False
direction,TD-1b6bda2745f7,低污染燃烧控制,1,64,N0065,Combustion / Waste management / Combustor,0.7012943029403687,0.02658820152282715,automatic_candidate_needs_semantic_review,True,False
direction,TD-1b6bda2745f7,低污染燃烧控制,2,350,N0351,Diesel fuel / Diesel engine / Biodiesel,0.6747061014175415,0.02658820152282715,automatic_candidate_needs_semantic_review,True,False
direction,TD-1b6bda2745f7,低污染燃烧控制,3,467,N0468,Pollutant / Environmental remediation / Pollution,0.6635308265686035,0.02658820152282715,automatic_candidate_needs_semantic_review,True,False
direction,TD-e30c1f01f77f,水力空化预测与抑制,1,3,N0004,Environmental science / Waste management / Engineering,0.6393083930015564,0.004615366458892822,automatic_candidate_needs_semantic_review,True,False
direction,TD-e30c1f01f77f,水力空化预测与抑制,2,126,N0127,Work (physics) / Mechanical engineering / Thermodynamics,0.6346930265426636,0.004615366458892822,automatic_candidate_needs_semantic_review,True,False
direction,TD-e30c1f01f77f,水力空化预测与抑制,3,320,N0321,Hydropower / Hydroelectricity / Small hydro,0.6309872269630432,0.004615366458892822,automatic_candidate_needs_semantic_review,True,False
direction,TD-8feb995c6d2e,光伏最大功率点跟踪,1,144,N0145,Maximum power point tracking / Maximum power principle / Grid-connected photovoltaic power system,0.75197833776474,0.07023262977600098,automatic_candidate_needs_semantic_review,True,False
direction,TD-8feb995c6d2e,光伏最大功率点跟踪,2,16,N0017,Photovoltaic system / Electrical engineering / Maximum power point tracking,0.681745707988739,0.07023262977600098,automatic_candidate_needs_semantic_review,True,False
direction,TD-8feb995c6d2e,光伏最大功率点跟踪,3,28,N0029,Power (physics) / Electric power system / Power flow,0.6773697733879089,0.07023262977600098,automatic_candidate_needs_semantic_review,True,False
direction,TD-1b2cdb574e12,遥感观测与目标定位,1,472,N0473,Identification (biology) / System identification / Set (abstract data type),0.6059463024139404,0.0014896392822265625,automatic_candidate_needs_semantic_review,True,False
direction,TD-1b2cdb574e12,遥感观测与目标定位,2,302,N0303,Irradiance / Remote sensing / Solar irradiance,0.6044566631317139,0.0014896392822265625,automatic_candidate_needs_semantic_review,True,False
direction,TD-1b2cdb574e12,遥感观测与目标定位,3,491,N0492,Function (biology) / Transfer function / Set (abstract data type),0.599652886390686,0.0014896392822265625,automatic_candidate_needs_semantic_review,True,False
direction,TD-435c9d1fefde,风电场尾流与功率协同优化,1,15,N0016,Wind power / Wind speed / Induction generator,0.6886720657348633,0.006335020065307617,automatic_candidate_needs_semantic_review,True,False
direction,TD-435c9d1fefde,风电场尾流与功率协同优化,2,26,N0027,Turbine / Marine engineering / Mechanical engineering,0.6823370456695557,0.006335020065307617,automatic_candidate_needs_semantic_review,True,False
direction,TD-435c9d1fefde,风电场尾流与功率协同优化,3,320,N0321,Hydropower / Hydroelectricity / Small hydro,0.679228663444519,0.006335020065307617,automatic_candidate_needs_semantic_review,True,False
direction,TD-456c50273fbd,煤热解工艺与气固分离,1,64,N0065,Combustion / Waste management / Combustor,0.6214725375175476,0.005849599838256836,automatic_candidate_needs_semantic_review,True,False
direction,TD-456c50273fbd,煤热解工艺与气固分离,2,178,N0179,Coal / Coke / Halide,0.6156229376792908,0.005849599838256836,automatic_candidate_needs_semantic_review,True,False
direction,TD-456c50273fbd,煤热解工艺与气固分离,3,230,N0231,Syngas / Wood gas generator / Waste management,0.6007347702980042,0.005849599838256836,automatic_candidate_needs_semantic_review,True,False
direction,TD-32be6f4f9526,风力机叶片气动设计,1,26,N0027,Turbine / Marine engineering / Mechanical engineering,0.702820360660553,0.0025086402893066406,automatic_candidate_needs_semantic_review,True,False
direction,TD-32be6f4f9526,风力机叶片气动设计,2,442,N0443,Aerodynamics / Aerospace engineering / Airfoil,0.7003117203712463,0.0025086402893066406,automatic_candidate_needs_semantic_review,True,False
direction,TD-32be6f4f9526,风力机叶片气动设计,3,15,N0016,Wind power / Wind speed / Induction generator,0.6910275816917419,0.0025086402893066406,automatic_candidate_needs_semantic_review,True,False
direction,TD-5df6a2458b7e,混合动力汽车能量管理,1,379,N0380,Energy management / Energy management system / Power management,0.7238828539848328,0.032177746295928955,automatic_candidate_needs_semantic_review,True,False
direction,TD-5df6a2458b7e,混合动力汽车能量管理,2,37,N0038,Energy (signal processing) / Statistics / Mathematics,0.6917051076889038,0.032177746295928955,automatic_candidate_needs_semantic_review,True,False
direction,TD-5df6a2458b7e,混合动力汽车能量管理,3,190,N0191,Electric vehicle / Charging station / Driving range,0.6892045140266418,0.032177746295928955,automatic_candidate_needs_semantic_review,True,False
direction,TD-d3b8fd8fdbf3,交直流混合供电协调控制,1,195,N0196,Control (management) / Control engineering / Control system,0.7013806104660034,0.005191802978515625,automatic_candidate_needs_semantic_review,True,False
direction,TD-d3b8fd8fdbf3,交直流混合供电协调控制,2,153,N0154,Controller (irrigation) / PID controller / Control engineering,0.6961888074874878,0.005191802978515625,automatic_candidate_needs_semantic_review,True,False
direction,TD-d3b8fd8fdbf3,交直流混合供电协调控制,3,110,N0111,Converters / Electronic engineering / Wave energy converter,0.6937713623046875,0.005191802978515625,automatic_candidate_needs_semantic_review,True,False
direction,TD-5c7124c868e7,直流输电故障检测与保护,1,459,N0460,Circuit breaker / High voltage / Switchgear,0.6411033868789673,0.015610218048095703,automatic_candidate_needs_semantic_review,True,False
direction,TD-5c7124c868e7,直流输电故障检测与保护,2,73,N0074,Electric power transmission / Transmission line / Transmission (telecommunications),0.6254931688308716,0.015610218048095703,automatic_candidate_needs_semantic_review,True,False
direction,TD-5c7124c868e7,直流输电故障检测与保护,3,359,N0360,Relay / Overcurrent / Protective relay,0.6247951984405518,0.015610218048095703,automatic_candidate_needs_semantic_review,True,False
direction,TD-4c0690846ca0,光学传感检测,1,265,N0266,Optics / Beam (structure) / Diffraction,0.6645113229751587,0.009527146816253662,automatic_candidate_needs_semantic_review,True,False
direction,TD-4c0690846ca0,光学传感检测,2,460,N0461,SIGNAL (programming language) / Signal processing / Digital signal processing,0.654984176158905,0.009527146816253662,automatic_candidate_needs_semantic_review,True,False
direction,TD-4c0690846ca0,光学传感检测,3,166,N0167,Physics / Astrophysics / Astronomy,0.6428115367889404,0.009527146816253662,automatic_candidate_needs_semantic_review,True,False
direction,TD-c0ffe6a9dfab,电力电缆绝缘状态诊断,1,154,N0155,Fault (geology) / Fault detection and isolation / Fault indicator,0.6486660838127136,0.003965437412261963,automatic_candidate_needs_semantic_review,True,False
direction,TD-c0ffe6a9dfab,电力电缆绝缘状态诊断,2,420,N0421,Line (geometry) / Mathematics / Geometry,0.6447006464004517,0.003965437412261963,automatic_candidate_needs_semantic_review,True,False
direction,TD-c0ffe6a9dfab,电力电缆绝缘状态诊断,3,73,N0074,Electric power transmission / Transmission line / Transmission (telecommunications),0.6407181024551392,0.003965437412261963,automatic_candidate_needs_semantic_review,True,False
direction,TD-2405415aec68,通信网络路由优化,1,289,N0290,Computer network / Real-time computing / Wireless sensor network,0.6909694671630859,0.02346426248550415,automatic_candidate_needs_semantic_review,True,False
direction,TD-2405415aec68,通信网络路由优化,2,292,N0293,Transmission (telecommunications) / Transmission system / Power transmission,0.6675052046775818,0.02346426248550415,automatic_candidate_needs_semantic_review,True,False
direction,TD-2405415aec68,通信网络路由优化,3,73,N0074,Electric power transmission / Transmission line / Transmission (telecommunications),0.6467914581298828,0.02346426248550415,automatic_candidate_needs_semantic_review,True,False
direction,TD-96d6587804ce,离子液体萃取金属,1,193,N0194,Extraction (chemistry) / Chromatography / Stripping (fiber),0.6566412448883057,0.02265620231628418,automatic_candidate_needs_semantic_review,True,False
direction,TD-96d6587804ce,离子液体萃取金属,2,286,N0287,Leaching (pedology) / Sulfuric acid / Chemistry,0.6339850425720215,0.02265620231628418,automatic_candidate_needs_semantic_review,True,False
direction,TD-96d6587804ce,离子液体萃取金属,3,88,N0089,Metal / Noble metal / Metal ions in aqueous solution,0.6308338642120361,0.02265620231628418,automatic_candidate_needs_semantic_review,True,False
direction,TD-b25b4591f7b5,泵水轮机水力设计,1,26,N0027,Turbine / Marine engineering / Mechanical engineering,0.6875053644180298,0.0030312538146972656,automatic_candidate_needs_semantic_review,True,False
direction,TD-b25b4591f7b5,泵水轮机水力设计,2,320,N0321,Hydropower / Hydroelectricity / Small hydro,0.6844741106033325,0.0030312538146972656,automatic_candidate_needs_semantic_review,True,False
direction,TD-b25b4591f7b5,泵水轮机水力设计,3,413,N0414,Power station / Thermal power station / Combined cycle,0.6546149849891663,0.0030312538146972656,automatic_candidate_needs_semantic_review,True,False
direction,TD-9a84cf59fdef,建筑通风与空气处理控制,1,408,N0409,HVAC / Air conditioning / Ventilation (architecture),0.6711435914039612,0.007547616958618164,automatic_candidate_needs_semantic_review,True,False
direction,TD-9a84cf59fdef,建筑通风与空气处理控制,2,195,N0196,Control (management) / Control engineering / Control system,0.663595974445343,0.007547616958618164,automatic_candidate_needs_semantic_review,True,False
direction,TD-9a84cf59fdef,建筑通风与空气处理控制,3,309,N0310,Architectural engineering / Civil engineering / Zero-energy building,0.6485965251922607,0.007547616958618164,automatic_candidate_needs_semantic_review,True,False
direction,TD-f975505ec597,高温钢焊接及耐蠕变设计,1,440,N0441,Forensic engineering / Engineering / Thermal runaway,0.6362321376800537,0.006436347961425781,automatic_candidate_needs_semantic_review,True,False
direction,TD-f975505ec597,高温钢焊接及耐蠕变设计,2,156,N0157,Heat exchanger / Mechanical engineering / Heat transfer,0.6297957897186279,0.006436347961425781,automatic_candidate_needs_semantic_review,True,False
direction,TD-f975505ec597,高温钢焊接及耐蠕变设计,3,14,N0015,Mechanics / Heat transfer / Thermodynamics,0.6292102932929993,0.006436347961425781,automatic_candidate_needs_semantic_review,True,False
direction,TD-10f27e7858e3,热电发电器件热设计,1,156,N0157,Heat exchanger / Mechanical engineering / Heat transfer,0.7061697244644165,0.034969329833984375,automatic_candidate_needs_semantic_review,True,False
direction,TD-10f27e7858e3,热电发电器件热设计,2,165,N0166,Thermal / Process engineering / Mechanical engineering,0.6712003946304321,0.034969329833984375,automatic_candidate_needs_semantic_review,True,False
direction,TD-10f27e7858e3,热电发电器件热设计,3,441,N0442,Heat pump / Coefficient of performance / Air source heat pumps,0.6692527532577515,0.034969329833984375,automatic_candidate_needs_semantic_review,True,False
direction,TD-dd781e26b1c4,电气绝缘陶瓷制备,1,333,N0334,Electronics / Power electronics / Organic electronics,0.622368574142456,0.0003077983856201172,automatic_candidate_needs_semantic_review,True,False
direction,TD-dd781e26b1c4,电气绝缘陶瓷制备,2,0,N0001,Electrochemistry / Chemical engineering / Electrode,0.6220607757568359,0.0003077983856201172,automatic_candidate_needs_semantic_review,True,False
direction,TD-dd781e26b1c4,电气绝缘陶瓷制备,3,176,N0177,Ceramic / Sintering / Composite material,0.6176334619522095,0.0003077983856201172,automatic_candidate_needs_semantic_review,True,False
direction,TD-1559dff250b2,薄膜晶体管制备与控制,1,195,N0196,Control (management) / Control engineering / Control system,0.6558418273925781,0.00740581750869751,automatic_candidate_needs_semantic_review,True,False
direction,TD-1559dff250b2,薄膜晶体管制备与控制,2,153,N0154,Controller (irrigation) / PID controller / Control engineering,0.6484360098838806,0.00740581750869751,automatic_candidate_needs_semantic_review,True,False
direction,TD-1559dff250b2,薄膜晶体管制备与控制,3,247,N0248,Electrical conductor / Conductor / Composite material,0.6446036100387573,0.00740581750869751,automatic_candidate_needs_semantic_review,True,False
direction,TD-2fbbd53b7719,生物油催化升级,1,270,N0271,Biofuel / Biodiesel / Methane,0.6871031522750854,0.03889298439025879,automatic_candidate_needs_semantic_review,True,False
direction,TD-2fbbd53b7719,生物油催化升级,2,350,N0351,Diesel fuel / Diesel engine / Biodiesel,0.6482101678848267,0.03889298439025879,automatic_candidate_needs_semantic_review,True,False
direction,TD-2fbbd53b7719,生物油催化升级,3,212,N0213,Fuel cells / Activation energy / Hydrogen fuel,0.6478064060211182,0.03889298439025879,automatic_candidate_needs_semantic_review,True,False
direction,TD-4d4b75b1a587,碳基单原子氧还原电催化,1,229,N0230,Catalysis / Bifunctional / Organic chemistry,0.6728695631027222,0.006830394268035889,automatic_candidate_needs_semantic_review,True,False
direction,TD-4d4b75b1a587,碳基单原子氧还原电催化,2,77,N0078,Electrocatalyst / Oxygen reduction reaction / Reversible hydrogen electrode,0.6660391688346863,0.006830394268035889,automatic_candidate_needs_semantic_review,True,False
direction,TD-4d4b75b1a587,碳基单原子氧还原电催化,3,83,N0084,Oxygen / Oxygen reduction reaction / Oxygen evolution,0.6658191084861755,0.006830394268035889,automatic_candidate_needs_semantic_review,True,False
direction,TD-ec353a24af21,翼型与螺旋桨气动设计,1,442,N0443,Aerodynamics / Aerospace engineering / Airfoil,0.7168963551521301,0.015318810939788818,automatic_candidate_needs_semantic_review,True,False
direction,TD-ec353a24af21,翼型与螺旋桨气动设计,2,224,N0225,Aeronautics / Aerospace engineering / Propulsion,0.7015775442123413,0.015318810939788818,automatic_candidate_needs_semantic_review,True,False
direction,TD-ec353a24af21,翼型与螺旋桨气动设计,3,26,N0027,Turbine / Marine engineering / Mechanical engineering,0.6842664480209351,0.015318810939788818,automatic_candidate_needs_semantic_review,True,False
direction,TD-93a895795079,风电发电机并网控制,1,15,N0016,Wind power / Wind speed / Induction generator,0.6676962375640869,0.012034058570861816,automatic_candidate_needs_semantic_review,True,False
direction,TD-93a895795079,风电发电机并网控制,2,222,N0223,Generator (circuit theory) / Permanent magnet synchronous generator / Induction generator,0.6556621789932251,0.012034058570861816,automatic_candidate_needs_semantic_review,True,False
direction,TD-93a895795079,风电发电机并网控制,3,26,N0027,Turbine / Marine engineering / Mechanical engineering,0.6515872478485107,0.012034058570861816,automatic_candidate_needs_semantic_review,True,False
direction,TD-d0837d2e595d,光伏组件支架结构设计,1,16,N0017,Photovoltaic system / Electrical engineering / Maximum power point tracking,0.6294939517974854,0.005195319652557373,automatic_candidate_needs_semantic_review,True,False
direction,TD-d0837d2e595d,光伏组件支架结构设计,2,130,N0131,Solar energy / Solar power / Photovoltaic thermal hybrid solar collector,0.624298632144928,0.005195319652557373,automatic_candidate_needs_semantic_review,True,False
direction,TD-d0837d2e595d,光伏组件支架结构设计,3,207,N0208,Photovoltaics / Grid parity / Commercialization,0.6236594915390015,0.005195319652557373,automatic_candidate_needs_semantic_review,True,False
direction,TD-69aaa238e851,无人机飞行控制,1,224,N0225,Aeronautics / Aerospace engineering / Propulsion,0.6604728698730469,0.03464865684509277,automatic_candidate_needs_semantic_review,True,False
direction,TD-69aaa238e851,无人机飞行控制,2,195,N0196,Control (management) / Control engineering / Control system,0.6258242130279541,0.03464865684509277,automatic_candidate_needs_semantic_review,True,False
direction,TD-69aaa238e851,无人机飞行控制,3,442,N0443,Aerodynamics / Aerospace engineering / Airfoil,0.6218298673629761,0.03464865684509277,automatic_candidate_needs_semantic_review,True,False
direction,TD-30f39df6787b,燃料电池铂基电催化,1,212,N0213,Fuel cells / Activation energy / Hydrogen fuel,0.6450710296630859,0.016643762588500977,automatic_candidate_needs_semantic_review,True,False
direction,TD-30f39df6787b,燃料电池铂基电催化,2,295,N0296,Polarization (electrochemistry) / Concentration polarization / Ferroelectricity,0.628427267074585,0.016643762588500977,automatic_candidate_needs_semantic_review,True,False
direction,TD-30f39df6787b,燃料电池铂基电催化,3,33,N0034,Battery (electricity) / Lithium-ion battery / Battery pack,0.6242619156837463,0.016643762588500977,automatic_candidate_needs_semantic_review,True,False
direction,TD-222c30a9b2ae,供水管网泵组节能调度,1,320,N0321,Hydropower / Hydroelectricity / Small hydro,0.6601179838180542,0.0003680586814880371,automatic_candidate_needs_semantic_review,True,False
direction,TD-222c30a9b2ae,供水管网泵组节能调度,2,497,N0498,Unit (ring theory) / Mathematics / Power system simulation,0.6597499251365662,0.0003680586814880371,automatic_candidate_needs_semantic_review,True,False
direction,TD-222c30a9b2ae,供水管网泵组节能调度,3,379,N0380,Energy management / Energy management system / Power management,0.6565030813217163,0.0003680586814880371,automatic_candidate_needs_semantic_review,True,False
direction,TD-2cdee1ab9634,半导体离子注入改性,1,135,N0136,Semiconductor / Organic semiconductor / Semiconductor device,0.6989604234695435,0.006007969379425049,automatic_candidate_needs_semantic_review,True,False
direction,TD-2cdee1ab9634,半导体离子注入改性,2,372,N0373,EMI / Electromagnetic interference / Electromagnetic shielding,0.6929524540901184,0.006007969379425049,automatic_candidate_needs_semantic_review,True,False
direction,TD-2cdee1ab9634,半导体离子注入改性,3,195,N0196,Control (management) / Control engineering / Control system,0.6872121095657349,0.006007969379425049,automatic_candidate_needs_semantic_review,True,False
direction,TD-dd47a275e937,电能质量谐波检测,1,460,N0461,SIGNAL (programming language) / Signal processing / Digital signal processing,0.6585538387298584,0.016493260860443115,automatic_candidate_needs_semantic_review,True,False
direction,TD-dd47a275e937,电能质量谐波检测,2,445,N0446,Noise (video) / Noise reduction / Phase noise,0.6420605778694153,0.016493260860443115,automatic_candidate_needs_semantic_review,True,False
direction,TD-dd47a275e937,电能质量谐波检测,3,312,N0313,Quality (philosophy) / Power quality / Voltage sag,0.6365411281585693,0.016493260860443115,automatic_candidate_needs_semantic_review,True,False
direction,TD-b3c2e60a4d96,变电站自动化监控,1,195,N0196,Control (management) / Control engineering / Control system,0.6724459528923035,0.013042211532592773,automatic_candidate_needs_semantic_review,True,False
direction,TD-b3c2e60a4d96,变电站自动化监控,2,46,N0047,Transformer / Distribution transformer / Voltage,0.6594037413597107,0.013042211532592773,automatic_candidate_needs_semantic_review,True,False
direction,TD-b3c2e60a4d96,变电站自动化监控,3,424,N0425,Systems engineering / Engineering / Automation,0.6538589000701904,0.013042211532592773,automatic_candidate_needs_semantic_review,True,False
direction,TD-7fca4e967def,溶剂萃取分离,1,193,N0194,Extraction (chemistry) / Chromatography / Stripping (fiber),0.63116455078125,0.0029324889183044434,automatic_candidate_needs_semantic_review,True,False
direction,TD-7fca4e967def,溶剂萃取分离,2,198,N0199,Chemistry / Organic chemistry / Combinatorial chemistry,0.6282320618629456,0.0029324889183044434,automatic_candidate_needs_semantic_review,True,False
direction,TD-7fca4e967def,溶剂萃取分离,3,86,N0087,Process (computing) / Process engineering / Engineering,0.6278625726699829,0.0029324889183044434,automatic_candidate_needs_semantic_review,True,False
direction,TD-fe479347574a,分布式时钟同步,1,399,N0400,Embedded system / Field-programmable gate array / Computer hardware,0.6297458410263062,0.007386207580566406,automatic_candidate_needs_semantic_review,True,False
direction,TD-fe479347574a,分布式时钟同步,2,289,N0290,Computer network / Real-time computing / Wireless sensor network,0.6223596334457397,0.007386207580566406,automatic_candidate_needs_semantic_review,True,False
direction,TD-fe479347574a,分布式时钟同步,3,410,N0411,Series (stratigraphy) / Time series / Autoregressive integrated moving average,0.6199317574501038,0.007386207580566406,automatic_candidate_needs_semantic_review,True,False
direction,TD-6eaee28ba8ba,工业烟气余热回收,1,64,N0065,Combustion / Waste management / Combustor,0.6172072291374207,0.003484487533569336,automatic_candidate_needs_semantic_review,True,False
direction,TD-6eaee28ba8ba,工业烟气余热回收,2,357,N0358,Raw material / Biorefinery / Metallurgy,0.6137227416038513,0.003484487533569336,automatic_candidate_needs_semantic_review,True,False
direction,TD-6eaee28ba8ba,工业烟气余热回收,3,412,N0413,Boiler (water heating) / Engineering / Mechanical engineering,0.5976817607879639,0.003484487533569336,automatic_candidate_needs_semantic_review,True,False
direction,TD-e06303810831,太阳能双轴跟踪控制,1,130,N0131,Solar energy / Solar power / Photovoltaic thermal hybrid solar collector,0.652001678943634,0.008545935153961182,automatic_candidate_needs_semantic_review,True,False
direction,TD-e06303810831,太阳能双轴跟踪控制,2,302,N0303,Irradiance / Remote sensing / Solar irradiance,0.6434557437896729,0.008545935153961182,automatic_candidate_needs_semantic_review,True,False
direction,TD-e06303810831,太阳能双轴跟踪控制,3,265,N0266,Optics / Beam (structure) / Diffraction,0.6387261152267456,0.008545935153961182,automatic_candidate_needs_semantic_review,True,False
direction,TD-f601827e05e1,相变储热材料传热增强,1,171,N0172,Thermal energy storage / Phase-change material / Latent heat,0.7020371556282043,0.005701661109924316,automatic_candidate_needs_semantic_review,True,False
direction,TD-f601827e05e1,相变储热材料传热增强,2,208,N0209,Thermal conductivity / Thermal conduction / Composite material,0.69633549451828,0.005701661109924316,automatic_candidate_needs_semantic_review,True,False
direction,TD-f601827e05e1,相变储热材料传热增强,3,156,N0157,Heat exchanger / Mechanical engineering / Heat transfer,0.6861079335212708,0.005701661109924316,automatic_candidate_needs_semantic_review,True,False
direction,TD-d99123cd071c,甲醇电氧化催化,1,229,N0230,Catalysis / Bifunctional / Organic chemistry,0.6430106163024902,0.00020450353622436523,automatic_candidate_needs_semantic_review,True,False
direction,TD-d99123cd071c,甲醇电氧化催化,2,0,N0001,Electrochemistry / Chemical engineering / Electrode,0.6428061127662659,0.00020450353622436523,automatic_candidate_needs_semantic_review,True,False
direction,TD-d99123cd071c,甲醇电氧化催化,3,352,N0353,Formic acid / Inorganic chemistry / Catalysis,0.6364299058914185,0.00020450353622436523,automatic_candidate_needs_semantic_review,True,False
direction,TD-04bafdbfc296,电池排气与泄压结构设计,1,33,N0034,Battery (electricity) / Lithium-ion battery / Battery pack,0.6854502558708191,0.01728004217147827,automatic_candidate_needs_semantic_review,True,False
direction,TD-04bafdbfc296,电池排气与泄压结构设计,2,440,N0441,Forensic engineering / Engineering / Thermal runaway,0.6681702136993408,0.01728004217147827,automatic_candidate_needs_semantic_review,True,False
direction,TD-04bafdbfc296,电池排气与泄压结构设计,3,315,N0316,Separator (oil production) / Polysulfide / Polyolefin,0.6633687615394592,0.01728004217147827,automatic_candidate_needs_semantic_review,True,False
direction,TD-a5043046e20a,离子交换膜选择性传输,1,292,N0293,Transmission (telecommunications) / Transmission system / Power transmission,0.690941572189331,0.000446319580078125,automatic_candidate_needs_semantic_review,True,False
direction,TD-a5043046e20a,离子交换膜选择性传输,2,255,N0256,Charge (physics) / Physics / Chemical physics,0.6904952526092529,0.000446319580078125,automatic_candidate_needs_semantic_review,True,False
direction,TD-a5043046e20a,离子交换膜选择性传输,3,423,N0424,Interface (matter) / Graphical user interface / User interface,0.68666011095047,0.000446319580078125,automatic_candidate_needs_semantic_review,True,False
direction,TD-9aac924c723d,输配电线路视觉缺陷识别,1,73,N0074,Electric power transmission / Transmission line / Transmission (telecommunications),0.6901929974555969,0.01138848066329956,automatic_candidate_needs_semantic_review,True,False
direction,TD-9aac924c723d,输配电线路视觉缺陷识别,2,154,N0155,Fault (geology) / Fault detection and isolation / Fault indicator,0.6788045167922974,0.01138848066329956,automatic_candidate_needs_semantic_review,True,False
direction,TD-9aac924c723d,输配电线路视觉缺陷识别,3,420,N0421,Line (geometry) / Mathematics / Geometry,0.6761751174926758,0.01138848066329956,automatic_candidate_needs_semantic_review,True,False
direction,TD-e0b5a0022575,摩擦力与载荷测量,1,393,N0394,Test (biology) / Morphology (biology) / Test bench,0.6290512681007385,0.010828614234924316,automatic_candidate_needs_semantic_review,True,False
direction,TD-e0b5a0022575,摩擦力与载荷测量,2,300,N0301,Acoustics / Vibration / Partial discharge,0.6182226538658142,0.010828614234924316,automatic_candidate_needs_semantic_review,True,False
direction,TD-e0b5a0022575,摩擦力与载荷测量,3,126,N0127,Work (physics) / Mechanical engineering / Thermodynamics,0.6171764731407166,0.010828614234924316,automatic_candidate_needs_semantic_review,True,False
direction,TD-d34fa03c7f26,混凝土碳化固碳工艺,1,369,N0370,Carbonation / Sorbent / Flue gas,0.7211368680000305,0.0414242148399353,automatic_candidate_needs_semantic_review,True,False
direction,TD-d34fa03c7f26,混凝土碳化固碳工艺,2,204,N0205,Carbon dioxide / Carbon sequestration / Electrochemical reduction of carbon dioxide,0.6797126531600952,0.0414242148399353,automatic_candidate_needs_semantic_review,True,False
direction,TD-d34fa03c7f26,混凝土碳化固碳工艺,3,45,N0046,Carbon fibers / Carbon black / Carbon nanofiber,0.6789290904998779,0.0414242148399353,automatic_candidate_needs_semantic_review,True,False
direction,TD-4f7cb6fdca8f,荧光粉组分与发光调控,1,129,N0130,Photoluminescence / Quantum yield / Electroluminescence,0.6634148359298706,0.005075573921203613,automatic_candidate_needs_semantic_review,True,False
direction,TD-4f7cb6fdca8f,荧光粉组分与发光调控,2,265,N0266,Optics / Beam (structure) / Diffraction,0.658339262008667,0.005075573921203613,automatic_candidate_needs_semantic_review,True,False
direction,TD-4f7cb6fdca8f,荧光粉组分与发光调控,3,421,N0422,Plasmon / Surface plasmon resonance / Plasmonic nanoparticles,0.6515173316001892,0.005075573921203613,automatic_candidate_needs_semantic_review,True,False
direction,TD-ad82adb13d9a,有机场效应晶体管制备,1,423,N0424,Interface (matter) / Graphical user interface / User interface,0.6729729175567627,0.003239929676055908,automatic_candidate_needs_semantic_review,True,False
direction,TD-ad82adb13d9a,有机场效应晶体管制备,2,98,N0099,Conductivity / Ionic conductivity / Proton,0.6697329878807068,0.003239929676055908,automatic_candidate_needs_semantic_review,True,False
direction,TD-ad82adb13d9a,有机场效应晶体管制备,3,295,N0296,Polarization (electrochemistry) / Concentration polarization / Ferroelectricity,0.6678472757339478,0.003239929676055908,automatic_candidate_needs_semantic_review,True,False
direction,TD-d3bbac6fea17,功能纤维复合制造,1,491,N0492,Function (biology) / Transfer function / Set (abstract data type),0.6262891292572021,0.013139963150024414,automatic_candidate_needs_semantic_review,True,False
direction,TD-d3bbac6fea17,功能纤维复合制造,2,126,N0127,Work (physics) / Mechanical engineering / Thermodynamics,0.6131491661071777,0.013139963150024414,automatic_candidate_needs_semantic_review,True,False
direction,TD-d3bbac6fea17,功能纤维复合制造,3,86,N0087,Process (computing) / Process engineering / Engineering,0.6106914281845093,0.013139963150024414,automatic_candidate_needs_semantic_review,True,False
direction,TD-3d389e57945c,纳米流体传热强化,1,145,N0146,Nanofluid / Heat transfer / Thermodynamics,0.7169594764709473,0.0026770830154418945,automatic_candidate_needs_semantic_review,True,False
direction,TD-3d389e57945c,纳米流体传热强化,2,208,N0209,Thermal conductivity / Thermal conduction / Composite material,0.7142823934555054,0.0026770830154418945,automatic_candidate_needs_semantic_review,True,False
direction,TD-3d389e57945c,纳米流体传热强化,3,14,N0015,Mechanics / Heat transfer / Thermodynamics,0.7003767490386963,0.0026770830154418945,automatic_candidate_needs_semantic_review,True,False
direction,TD-d61d42d24d7d,风机变桨与偏航控制,1,442,N0443,Aerodynamics / Aerospace engineering / Airfoil,0.6694855093955994,0.008722305297851562,automatic_candidate_needs_semantic_review,True,False
direction,TD-d61d42d24d7d,风机变桨与偏航控制,2,224,N0225,Aeronautics / Aerospace engineering / Propulsion,0.6607632040977478,0.008722305297851562,automatic_candidate_needs_semantic_review,True,False
direction,TD-d61d42d24d7d,风机变桨与偏航控制,3,195,N0196,Control (management) / Control engineering / Control system,0.633459746837616,0.008722305297851562,automatic_candidate_needs_semantic_review,True,False
direction,TD-c7e1d290c476,多相流计算流体力学建模,1,136,N0137,Flow (mathematics) / Mechanics / Power flow,0.6444953680038452,0.010030090808868408,automatic_candidate_needs_semantic_review,True,False
direction,TD-c7e1d290c476,多相流计算流体力学建模,2,457,N0458,Computation / Computational science / Finite element method,0.6344652771949768,0.010030090808868408,automatic_candidate_needs_semantic_review,True,False
direction,TD-c7e1d290c476,多相流计算流体力学建模,3,185,N0186,Field (mathematics) / Electromagnetic field / Mathematics,0.6233482360839844,0.010030090808868408,automatic_candidate_needs_semantic_review,True,False
direction,TD-ca136e86e008,多目标群智能优化求解,1,53,N0054,Mathematical optimization / Mathematics / Economic dispatch,0.6232092380523682,0.02322208881378174,automatic_candidate_needs_semantic_review,True,False
direction,TD-ca136e86e008,多目标群智能优化求解,2,491,N0492,Function (biology) / Transfer function / Set (abstract data type),0.5999871492385864,0.02322208881378174,automatic_candidate_needs_semantic_review,True,False
direction,TD-ca136e86e008,多目标群智能优化求解,3,473,N0474,Reinforcement learning / Convergence (economics) / Artificial intelligence,0.5991860032081604,0.02322208881378174,automatic_candidate_needs_semantic_review,True,False
direction,TD-d04f9e262ee7,结构抗震分析与设计,1,341,N0342,Risk analysis (engineering) / Risk management / Resilience (materials science),0.661646842956543,0.011537790298461914,automatic_candidate_needs_semantic_review,True,False
direction,TD-d04f9e262ee7,结构抗震分析与设计,2,491,N0492,Function (biology) / Transfer function / Set (abstract data type),0.650109052658081,0.011537790298461914,automatic_candidate_needs_semantic_review,True,False
direction,TD-d04f9e262ee7,结构抗震分析与设计,3,264,N0265,Stability (learning theory) / Mathematics / Machine learning,0.6458344459533691,0.011537790298461914,automatic_candidate_needs_semantic_review,True,False
direction,TD-4b990f7a8145,沸石多孔结构合成,1,198,N0199,Chemistry / Organic chemistry / Combinatorial chemistry,0.6129639148712158,0.01631474494934082,automatic_candidate_needs_semantic_review,True,False
direction,TD-4b990f7a8145,沸石多孔结构合成,2,143,N0144,Biochemical engineering / Context (archaeology) / Solar cell,0.596649169921875,0.01631474494934082,automatic_candidate_needs_semantic_review,True,False
direction,TD-4b990f7a8145,沸石多孔结构合成,3,86,N0087,Process (computing) / Process engineering / Engineering,0.5944522023200989,0.01631474494934082,automatic_candidate_needs_semantic_review,True,False
direction,TD-c5e19eb91592,能源林木育种与栽培,1,266,N0267,Bioenergy / Biofuel / Agriculture,0.6880174875259399,0.016335010528564453,automatic_candidate_needs_semantic_review,True,False
direction,TD-c5e19eb91592,能源林木育种与栽培,2,91,N0092,Biomass (ecology) / Agronomy / Torrefaction,0.6716824769973755,0.016335010528564453,automatic_candidate_needs_semantic_review,True,False
direction,TD-c5e19eb91592,能源林木育种与栽培,3,172,N0173,Geography / Forestry / Agroforestry,0.6621021032333374,0.016335010528564453,automatic_candidate_needs_semantic_review,True,False
direction,TD-4dc11898422a,聚合物气凝胶制备,1,75,N0076,Fabrication / Electrospinning / Composite material,0.6714403033256531,0.010269701480865479,automatic_candidate_needs_semantic_review,True,False
direction,TD-4dc11898422a,聚合物气凝胶制备,2,248,N0249,Copolymer / Polymer chemistry / Monomer,0.6611706018447876,0.010269701480865479,automatic_candidate_needs_semantic_review,True,False
direction,TD-4dc11898422a,聚合物气凝胶制备,3,17,N0018,Polymer / Polymer chemistry / Membrane,0.6611616611480713,0.010269701480865479,automatic_candidate_needs_semantic_review,True,False
direction,TD-b6943e19dadf,硅半导体加工,1,195,N0196,Control (management) / Control engineering / Control system,0.6446192264556885,0.004236936569213867,automatic_candidate_needs_semantic_review,True,False
direction,TD-b6943e19dadf,硅半导体加工,2,399,N0400,Embedded system / Field-programmable gate array / Computer hardware,0.6403822898864746,0.004236936569213867,automatic_candidate_needs_semantic_review,True,False
direction,TD-b6943e19dadf,硅半导体加工,3,235,N0236,Software / Operating system / Embedded system,0.6360790133476257,0.004236936569213867,automatic_candidate_needs_semantic_review,True,False
direction,TD-b09389900cee,电力系统电磁暂态仿真,1,457,N0458,Computation / Computational science / Finite element method,0.66935795545578,0.005201518535614014,automatic_candidate_needs_semantic_review,True,False
direction,TD-b09389900cee,电力系统电磁暂态仿真,2,85,N0086,Current (fluid) / Electrical engineering / Voltage,0.664156436920166,0.005201518535614014,automatic_candidate_needs_semantic_review,True,False
direction,TD-b09389900cee,电力系统电磁暂态仿真,3,28,N0029,Power (physics) / Electric power system / Power flow,0.6598790884017944,0.005201518535614014,automatic_candidate_needs_semantic_review,True,False
direction,TD-84d95b62cb48,电力设备异常检测,1,154,N0155,Fault (geology) / Fault detection and isolation / Fault indicator,0.6938213109970093,0.014307975769042969,automatic_candidate_needs_semantic_review,True,False
direction,TD-84d95b62cb48,电力设备异常检测,2,472,N0473,Identification (biology) / System identification / Set (abstract data type),0.6795133352279663,0.014307975769042969,automatic_candidate_needs_semantic_review,True,False
direction,TD-84d95b62cb48,电力设备异常检测,3,459,N0460,Circuit breaker / High voltage / Switchgear,0.6574504375457764,0.014307975769042969,automatic_candidate_needs_semantic_review,True,False
direction,TD-e43774f56f9d,电气化铁路牵引供电控制,1,411,N0412,Electric power / Electric power industry / Electric energy,0.6664483547210693,0.002363920211791992,automatic_candidate_needs_semantic_review,True,False
direction,TD-e43774f56f9d,电气化铁路牵引供电控制,2,23,N0024,Automotive engineering / Powertrain / Engineering,0.6640844345092773,0.002363920211791992,automatic_candidate_needs_semantic_review,True,False
direction,TD-e43774f56f9d,电气化铁路牵引供电控制,3,1,N0002,Engineering / Electrical engineering / Computer science,0.6549372673034668,0.002363920211791992,automatic_candidate_needs_semantic_review,True,False
direction,TD-3bb2a3d78fea,铜基硫族光伏吸收层制备,1,128,N0129,Solar cell / Solar cell efficiency / Copper indium gallium selenide solar cells,0.6184496879577637,0.0009796619415283203,automatic_candidate_needs_semantic_review,True,False
direction,TD-3bb2a3d78fea,铜基硫族光伏吸收层制备,2,130,N0131,Solar energy / Solar power / Photovoltaic thermal hybrid solar collector,0.6174700260162354,0.0009796619415283203,automatic_candidate_needs_semantic_review,True,False
direction,TD-3bb2a3d78fea,铜基硫族光伏吸收层制备,3,131,N0132,Absorption (acoustics) / Absorption spectroscopy / Optics,0.6132107973098755,0.0009796619415283203,automatic_candidate_needs_semantic_review,True,False
direction,TD-55234959b0dd,电网孤岛检测,1,335,N0336,Islanding / Distributed generation / Blackout,0.6935919523239136,0.0199432373046875,automatic_candidate_needs_semantic_review,True,False
direction,TD-55234959b0dd,电网孤岛检测,2,154,N0155,Fault (geology) / Fault detection and isolation / Fault indicator,0.6736487150192261,0.0199432373046875,automatic_candidate_needs_semantic_review,True,False
direction,TD-55234959b0dd,电网孤岛检测,3,28,N0029,Power (physics) / Electric power system / Power flow,0.6699767112731934,0.0199432373046875,automatic_candidate_needs_semantic_review,True,False
direction,TD-c6a62e5a30fc,电池壳体密封与结构设计,1,315,N0316,Separator (oil production) / Polysulfide / Polyolefin,0.6931913495063782,0.010704398155212402,automatic_candidate_needs_semantic_review,True,False
direction,TD-c6a62e5a30fc,电池壳体密封与结构设计,2,33,N0034,Battery (electricity) / Lithium-ion battery / Battery pack,0.6824869513511658,0.010704398155212402,automatic_candidate_needs_semantic_review,True,False
direction,TD-c6a62e5a30fc,电池壳体密封与结构设计,3,7,N0008,Lithium (medication) / Anode / Lithium-ion battery,0.6793164610862732,0.010704398155212402,automatic_candidate_needs_semantic_review,True,False
direction,TD-10d06e8138ae,风光储联合容量与运行优化,1,275,N0276,Sizing / Hybrid system / Installation,0.6685201525688171,0.006065487861633301,automatic_candidate_needs_semantic_review,True,False
direction,TD-10d06e8138ae,风光储联合容量与运行优化,2,60,N0061,Energy storage / Electrochemical energy storage / Process engineering,0.6624546647071838,0.006065487861633301,automatic_candidate_needs_semantic_review,True,False
direction,TD-10d06e8138ae,风光储联合容量与运行优化,3,379,N0380,Energy management / Energy management system / Power management,0.6589916944503784,0.006065487861633301,automatic_candidate_needs_semantic_review,True,False
direction,TD-9895b8b80630,绝缘空间电荷数值建模,1,279,N0280,Electric field / Space charge / Breakdown voltage,0.6708497405052185,0.0032491087913513184,automatic_candidate_needs_semantic_review,True,False
direction,TD-9895b8b80630,绝缘空间电荷数值建模,2,185,N0186,Field (mathematics) / Electromagnetic field / Mathematics,0.6676006317138672,0.0032491087913513184,automatic_candidate_needs_semantic_review,True,False
direction,TD-9895b8b80630,绝缘空间电荷数值建模,3,199,N0200,Electron / Atomic physics / Physics,0.6662381887435913,0.0032491087913513184,automatic_candidate_needs_semantic_review,True,False
direction,TD-01a9bc34abb6,超导故障限流,1,459,N0460,Circuit breaker / High voltage / Switchgear,0.6765369176864624,0.009240031242370605,automatic_candidate_needs_semantic_review,True,False
direction,TD-01a9bc34abb6,超导故障限流,2,85,N0086,Current (fluid) / Electrical engineering / Voltage,0.6672968864440918,0.009240031242370605,automatic_candidate_needs_semantic_review,True,False
direction,TD-01a9bc34abb6,超导故障限流,3,46,N0047,Transformer / Distribution transformer / Voltage,0.6665753722190857,0.009240031242370605,automatic_candidate_needs_semantic_review,True,False
direction,TD-94436b1992bd,区域供热需求预测,1,455,N0456,Demand response / Peak demand / Load management,0.6714161038398743,0.004945218563079834,automatic_candidate_needs_semantic_review,True,False
direction,TD-94436b1992bd,区域供热需求预测,2,497,N0498,Unit (ring theory) / Mathematics / Power system simulation,0.6664708852767944,0.004945218563079834,automatic_candidate_needs_semantic_review,True,False
direction,TD-94436b1992bd,区域供热需求预测,3,437,N0438,Operations research / Probabilistic logic / Analytic hierarchy process,0.664783775806427,0.004945218563079834,automatic_candidate_needs_semantic_review,True,False
direction,TD-f3cfa5989726,燃料电池电堆集成,1,379,N0380,Energy management / Energy management system / Power management,0.6643473505973816,0.013683557510375977,automatic_candidate_needs_semantic_review,True,False
direction,TD-f3cfa5989726,燃料电池电堆集成,2,60,N0061,Energy storage / Electrochemical energy storage / Process engineering,0.6506637930870056,0.013683557510375977,automatic_candidate_needs_semantic_review,True,False
direction,TD-f3cfa5989726,燃料电池电堆集成,3,413,N0414,Power station / Thermal power station / Combined cycle,0.6453952789306641,0.013683557510375977,automatic_candidate_needs_semantic_review,True,False
direction,TD-b0317a12efa4,钢铁合金耐蚀处理,1,201,N0202,Corrosion / Metallurgy / Magnesium,0.6658369898796082,0.01567631959915161,automatic_candidate_needs_semantic_review,True,False
direction,TD-b0317a12efa4,钢铁合金耐蚀处理,2,440,N0441,Forensic engineering / Engineering / Thermal runaway,0.6501606702804565,0.01567631959915161,automatic_candidate_needs_semantic_review,True,False
direction,TD-b0317a12efa4,钢铁合金耐蚀处理,3,35,N0036,Microstructure / Composite material / Metallurgy,0.644080638885498,0.01567631959915161,automatic_candidate_needs_semantic_review,True,False
direction,TD-2c417548a394,半导体光电探测,1,460,N0461,SIGNAL (programming language) / Signal processing / Digital signal processing,0.6534816026687622,0.007055938243865967,automatic_candidate_needs_semantic_review,True,False
direction,TD-2c417548a394,半导体光电探测,2,265,N0266,Optics / Beam (structure) / Diffraction,0.6464256644248962,0.007055938243865967,automatic_candidate_needs_semantic_review,True,False
direction,TD-2c417548a394,半导体光电探测,3,263,N0264,Photodetector / Responsivity / Photodetection,0.6438635587692261,0.007055938243865967,automatic_candidate_needs_semantic_review,True,False
direction,TD-47ce229ebe9a,电力智能体任务评测方法,1,393,N0394,Test (biology) / Morphology (biology) / Test bench,0.6815447211265564,0.02560567855834961,automatic_candidate_needs_semantic_review,True,False
direction,TD-47ce229ebe9a,电力智能体任务评测方法,2,491,N0492,Function (biology) / Transfer function / Set (abstract data type),0.6559390425682068,0.02560567855834961,automatic_candidate_needs_semantic_review,True,False
direction,TD-47ce229ebe9a,电力智能体任务评测方法,3,8,N0009,Computer science / Artificial intelligence / Telecommunications,0.6487656235694885,0.02560567855834961,automatic_candidate_needs_semantic_review,True,False
direction,TD-b023fc57faa5,电网软件测试用例生成,1,393,N0394,Test (biology) / Morphology (biology) / Test bench,0.6305531859397888,0.005631804466247559,automatic_candidate_needs_semantic_review,True,False
direction,TD-b023fc57faa5,电网软件测试用例生成,2,235,N0236,Software / Operating system / Embedded system,0.6249213814735413,0.005631804466247559,automatic_candidate_needs_semantic_review,True,False
direction,TD-b023fc57faa5,电网软件测试用例生成,3,1,N0002,Engineering / Electrical engineering / Computer science,0.6062824726104736,0.005631804466247559,automatic_candidate_needs_semantic_review,True,False
direction,TD-6cd003f3648b,电池电压采样与容错监测,1,1,N0002,Engineering / Electrical engineering / Computer science,0.6949940323829651,0.005326271057128906,automatic_candidate_needs_semantic_review,True,False
direction,TD-6cd003f3648b,电池电压采样与容错监测,2,406,N0407,State of charge / Kalman filter / Extended Kalman filter,0.6896677613258362,0.005326271057128906,automatic_candidate_needs_semantic_review,True,False
direction,TD-6cd003f3648b,电池电压采样与容错监测,3,460,N0461,SIGNAL (programming language) / Signal processing / Digital signal processing,0.6841196417808533,0.005326271057128906,automatic_candidate_needs_semantic_review,True,False
